Playlist ID,Playlist Name,Book,Type,Alya ID,Alya Name,Order,Tier 1 (Universal),Tier 2 (Playlist),Tier 3 (Video),Tier 4 (Audience),Combined Tags,Tag Count,Char Count,Char Usage %
1,האזינו,Deuteronomy,parasha,1,ראשון,1,"קריאה בתורה, טעמי המקרא, טעמים, Torah Reading","דברים, האזינו, Deuteronomy, Devarim, Haazinu","ראשון, Rishon","בר מצווה, Bar Mitzvah, בת מצווה, Bat Mitzvah, אשכנז, Ashkenaz, לימוד תורה","קריאה בתורה, טעמי המקרא, טעמים, Torah Reading, דברים, האזינו, Deuteronomy, Devarim, Haazinu, ראשון, Rishon, בר מצווה, Bar Mitzvah, בת מצווה, Bat Mitzvah, אשכנז, Ashkenaz, לימוד תורה",18,181,36.2%
1,האזינו,Deuteronomy,parasha,2,שני,2,"קריאה בתורה, טעמי המקרא, טעמים, Torah Reading","דברים, האזינו, Deuteronomy, Devarim, Haazinu","שני, Sheni","בר מצווה, Bar Mitzvah, בת מצווה, Bat Mitzvah, אשכנז, Ashkenaz, לימוד תורה","קריאה בתורה, טעמי המקרא, טעמים, Torah Reading, דברים, האזינו, Deuteronomy, Devarim, Haazinu, שני, Sheni, בר מצווה, Bar Mitzvah, בת מצווה, Bat Mitzvah, אשכנז, Ashkenaz, לימוד תורה",18,178,35.6%
1,האזינו,Deuteronomy,parasha,9,שלישי,3,"קריאה בתורה, טעמי המקרא, טעמים, Torah Reading","דברים, האזינו, Deuteronomy, Devarim, Haazinu","שלישי, Shlishi","בר מצווה, Bar Mitzvah, בת מצווה, Bat Mitzvah, אשכנז, Ashkenaz, לימוד תורה","קריאה בתורה, טעמי המקרא, טעמים, Torah Reading, דברים, האזינו, Deuteronomy, Devarim, Haazinu, שלישי, Shlishi, בר מצווה, Bar Mitzvah, בת מצווה, Bat Mitzvah, אשכנז, Ashkenaz, לימוד תורה",18,182,36.4%
1,האזינו,Deuteronomy,parasha,6,רביעי,4,"קריאה בתורה, טעמי המקרא, טעמים, Torah Reading","דברים, האזינו, Deuteronomy, Devarim, Haazinu","רביעי, Reviei","בר מצווה, Bar Mitzvah, בת מצווה, Bat Mitzvah, אשכנז, Ashkenaz, לימוד תורה","קריאה בתורה, טעמי המקרא, טעמים, Torah Reading, דברים, האזינו, Deuteronomy, Devarim, Haazinu, רביעי, Reviei, בר מצווה, Bar Mitzvah, בת מצווה, Bat Mitzvah, אשכנז, Ashkenaz, לימוד תורה",18,181,36.2%
1,האזינו,Deuteronomy,parasha,4,חמישי,5,"קריאה בתורה, טעמי המקרא, טעמים, Torah Reading","דברים, האזינו, Deuteronomy, Devarim, Haazinu","חמישי, Chamishi","בר מצווה, Bar Mitzvah, בת מצווה, Bat Mitzvah, אשכנז, Ashkenaz, לימוד תורה","קריאה בתורה, טעמי המקרא, טעמים, Torah Reading, דברים, האזינו, Deuteronomy, Devarim, Haazinu, חמישי, Chamishi, בר מצווה, Bar Mitzvah, בת מצווה, Bat Mitzvah, אשכנז, Ashkenaz, לימוד תורה",18,183,36.6%
1,האזינו,Deuteronomy,parasha,8,שישי,6,"קריאה בתורה, טעמי המקרא, טעמים, Torah Reading","דברים, האזינו, Deuteronomy, Devarim, Haazinu","שישי, Shishi","בר מצווה, Bar Mitzvah, בת מצווה, Bat Mitzvah, אשכנז, Ashkenaz, לימוד תורה","קריאה בתורה, טעמי המקרא, טעמים, Torah Reading, דברים, האזינו, Deuteronomy, Devarim, Haazinu, שישי, Shishi, בר מצווה, Bar Mitzvah, בת מצווה, Bat Mitzvah, אשכנז, Ashkenaz, לימוד תורה",18,180,36.0%
1,האזינו,Deuteronomy,parasha,7,שביעי,7,"קריאה בתורה, טעמי המקרא, טעמים, Torah Reading","דברים, האזינו, Deuteronomy, Devarim, Haazinu","שביעי, Shevii","בר מצווה, Bar Mitzvah, בת מצווה, Bat Mitzvah, אשכנז, Ashkenaz, לימוד תורה","קריאה בתורה, טעמי המקרא, טעמים, Torah Reading, דברים, האזינו, Deuteronomy, Devarim, Haazinu, שביעי, Shevii, בר מצווה, Bar Mitzvah, בת מצווה, Bat Mitzvah, אשכנז, Ashkenaz, לימוד תורה",18,181,36.2%
1,האזינו,Deuteronomy,parasha,5,מפטיר,8,"קריאה בתורה, טעמי המקרא, טעמים, Torah Reading","דברים, האזינו, Deuteronomy, Devarim, Haazinu","מפטיר, Maftir","בר מצווה, Bar Mitzvah, בת מצווה, Bat Mitzvah, אשכנז, Ashkenaz, לימוד תורה","קריאה בתורה, טעמי המקרא, טעמים, Torah Reading, דברים, האזינו, Deuteronomy, Devarim, Haazinu, מפטיר, Maftir, בר מצווה, Bar Mitzvah, בת מצווה, Bat Mitzvah, אשכנז, Ashkenaz, לימוד תורה",18,181,36.2%
1,האזינו,Deuteronomy,parasha,3,הפטרה,9,"קריאה בתורה, טעמי המקרא, טעמים, Torah Reading","דברים, האזינו, Deuteronomy, Devarim, Haazinu","הפטרה, Haftara","בר מצווה, Bar Mitzvah, בת מצווה, Bat Mitzvah, אשכנז, Ashkenaz, לימוד תורה","קריאה בתורה, טעמי המקרא, טעמים, Torah Reading, דברים, האזינו, Deuteronomy, Devarim, Haazinu, הפטרה, Haftara, בר מצווה, Bar Mitzvah, בת מצווה, Bat Mitzvah, אשכנז, Ashkenaz, לימוד תורה",18,182,36.4%
5,בראשית,Genesis,parasha,10,ראשון,1,"קריאה בתורה, טעמי המקרא, טעמים, Torah Reading","בראשית, בראשית, Genesis, Bereishit, Bereishit","ראשון, Rishon","בר מצווה, Bar Mitzvah, בת מצווה, Bat Mitzvah, אשכנז, Ashkenaz, לימוד תורה","קריאה בתורה, טעמי המקרא, טעמים, Torah Reading, בראשית, בראשית, Genesis, Bereishit, Bereishit, ראשון, Rishon, בר מצווה, Bar Mitzvah, בת מצווה, Bat Mitzvah, אשכנז, Ashkenaz, לימוד תורה",18,182,36.4%
5,בראשית,Genesis,parasha,11,שני,2,"קריאה בתורה, טעמי המקרא, טעמים, Torah Reading","בראשית, בראשית, Genesis, Bereishit, Bereishit","שני, Sheni","בר מצווה, Bar Mitzvah, בת מצווה, Bat Mitzvah, אשכנז, Ashkenaz, לימוד תורה","קריאה בתורה, טעמי המקרא, טעמים, Torah Reading, בראשית, בראשית, Genesis, Bereishit, Bereishit, שני, Sheni, בר מצווה, Bar Mitzvah, בת מצווה, Bat Mitzvah, אשכנז, Ashkenaz, לימוד תורה",18,179,35.8%
5,בראשית,Genesis,parasha,12,שלישי,3,"קריאה בתורה, טעמי המקרא, טעמים, Torah Reading","בראשית, בראשית, Genesis, Bereishit, Bereishit","שלישי, Shlishi","בר מצווה, Bar Mitzvah, בת מצווה, Bat Mitzvah, אשכנז, Ashkenaz, לימוד תורה","קריאה בתורה, טעמי המקרא, טעמים, Torah Reading, בראשית, בראשית, Genesis, Bereishit, Bereishit, שלישי, Shlishi, בר מצווה, Bar Mitzvah, בת מצווה, Bat Mitzvah, אשכנז, Ashkenaz, לימוד תורה",18,183,36.6%
5,בראשית,Genesis,parasha,13,רביעי,4,"קריאה בתורה, טעמי המקרא, טעמים, Torah Reading","בראשית, בראשית, Genesis, Bereishit, Bereishit","רביעי, Reviei","בר מצווה, Bar Mitzvah, בת מצווה, Bat Mitzvah, אשכנז, Ashkenaz, לימוד תורה","קריאה בתורה, טעמי המקרא, טעמים, Torah Reading, בראשית, בראשית, Genesis, Bereishit, Bereishit, רביעי, Reviei, בר מצווה, Bar Mitzvah, בת מצווה, Bat Mitzvah, אשכנז, Ashkenaz, לימוד תורה",18,182,36.4%
5,בראשית,Genesis,parasha,14,חמישי,5,"קריאה בתורה, טעמי המקרא, טעמים, Torah Reading","בראשית, בראשית, Genesis, Bereishit, Bereishit","חמישי, Chamishi","בר מצווה, Bar Mitzvah, בת מצווה, Bat Mitzvah, אשכנז, Ashkenaz, לימוד תורה","קריאה בתורה, טעמי המקרא, טעמים, Torah Reading, בראשית, בראשית, Genesis, Bereishit, Bereishit, חמישי, Chamishi, בר מצווה, Bar Mitzvah, בת מצווה, Bat Mitzvah, אשכנז, Ashkenaz, לימוד תורה",18,184,36.8%
5,בראשית,Genesis,parasha,15,שישי,6,"קריאה בתורה, טעמי המקרא, טעמים, Torah Reading","בראשית, בראשית, Genesis, Bereishit, Bereishit","שישי, Shishi","בר מצווה, Bar Mitzvah, בת מצווה, Bat Mitzvah, אשכנז, Ashkenaz, לימוד תורה","קריאה בתורה, טעמי המקרא, טעמים, Torah Reading, בראשית, בראשית, Genesis, Bereishit, Bereishit, שישי, Shishi, בר מצווה, Bar Mitzvah, בת מצווה, Bat Mitzvah, אשכנז, Ashkenaz, לימוד תורה",18,181,36.2%
5,בראשית,Genesis,parasha,16,שביעי,7,"קריאה בתורה, טעמי המקרא, טעמים, Torah Reading","בראשית, בראשית, Genesis, Bereishit, Bereishit","שביעי, Shevii","בר מצווה, Bar Mitzvah, בת מצווה, Bat Mitzvah, אשכנז, Ashkenaz, לימוד תורה","קריאה בתורה, טעמי המקרא, טעמים, Torah Reading, בראשית, בראשית, Genesis, Bereishit, Bereishit, שביעי, Shevii, בר מצווה, Bar Mitzvah, בת מצווה, Bat Mitzvah, אשכנז, Ashkenaz, לימוד תורה",18,182,36.4%
5,בראשית,Genesis,parasha,17,מפטיר,8,"קריאה בתורה, טעמי המקרא, טעמים, Torah Reading","בראשית, בראשית, Genesis, Bereishit, Bereishit","מפטיר, Maftir","בר מצווה, Bar Mitzvah, בת מצווה, Bat Mitzvah, אשכנז, Ashkenaz, לימוד תורה","קריאה בתורה, טעמי המקרא, טעמים, Torah Reading, בראשית, בראשית, Genesis, Bereishit, Bereishit, מפטיר, Maftir, בר מצווה, Bar Mitzvah, בת מצווה, Bat Mitzvah, אשכנז, Ashkenaz, לימוד תורה",18,182,36.4%
5,בראשית,Genesis,parasha,18,הפטרה,9,"קריאה בתורה, טעמי המקרא, טעמים, Torah Reading","בראשית, בראשית, Genesis, Bereishit, Bereishit","הפטרה, Haftara","בר מצווה, Bar Mitzvah, בת מצווה, Bat Mitzvah, אשכנז, Ashkenaz, לימוד תורה","קריאה בתורה, טעמי המקרא, טעמים, Torah Reading, בראשית, בראשית, Genesis, Bereishit, Bereishit, הפטרה, Haftara, בר מצווה, Bar Mitzvah, בת מצווה, Bat Mitzvah, אשכנז, Ashkenaz, לימוד תורה",18,183,36.6%
6,נח,Genesis,parasha,19,ראשון,1,"קריאה בתורה, טעמי המקרא, טעמים, Torah Reading","בראשית, נח, Genesis, Bereishit, Noach","ראשון, Rishon","בר מצווה, Bar Mitzvah, בת מצווה, Bat Mitzvah, אשכנז, Ashkenaz, לימוד תורה","קריאה בתורה, טעמי המקרא, טעמים, Torah Reading, בראשית, נח, Genesis, Bereishit, Noach, ראשון, Rishon, בר מצווה, Bar Mitzvah, בת מצווה, Bat Mitzvah, אשכנז, Ashkenaz, לימוד תורה",18,174,34.8%
6,נח,Genesis,parasha,20,שני,2,"קריאה בתורה, טעמי המקרא, טעמים, Torah Reading","בראשית, נח, Genesis, Bereishit, Noach","שני, Sheni","בר מצווה, Bar Mitzvah, בת מצווה, Bat Mitzvah, אשכנז, Ashkenaz, לימוד תורה","קריאה בתורה, טעמי המקרא, טעמים, Torah Reading, בראשית, נח, Genesis, Bereishit, Noach, שני, Sheni, בר מצווה, Bar Mitzvah, בת מצווה, Bat Mitzvah, אשכנז, Ashkenaz, לימוד תורה",18,171,34.2%
6,נח,Genesis,parasha,21,שלישי,3,"קריאה בתורה, טעמי המקרא, טעמים, Torah Reading","בראשית, נח, Genesis, Bereishit, Noach","שלישי, Shlishi","בר מצווה, Bar Mitzvah, בת מצווה, Bat Mitzvah, אשכנז, Ashkenaz, לימוד תורה","קריאה בתורה, טעמי המקרא, טעמים, Torah Reading, בראשית, נח, Genesis, Bereishit, Noach, שלישי, Shlishi, בר מצווה, Bar Mitzvah, בת מצווה, Bat Mitzvah, אשכנז, Ashkenaz, לימוד תורה",18,175,35.0%
6,נח,Genesis,parasha,22,רביעי,4,"קריאה בתורה, טעמי המקרא, טעמים, Torah Reading","בראשית, נח, Genesis, Bereishit, Noach","רביעי, Reviei","בר מצווה, Bar Mitzvah, בת מצווה, Bat Mitzvah, אשכנז, Ashkenaz, לימוד תורה","קריאה בתורה, טעמי המקרא, טעמים, Torah Reading, בראשית, נח, Genesis, Bereishit, Noach, רביעי, Reviei, בר מצווה, Bar Mitzvah, בת מצווה, Bat Mitzvah, אשכנז, Ashkenaz, לימוד תורה",18,174,34.8%
6,נח,Genesis,parasha,23,חמישי,5,"קריאה בתורה, טעמי המקרא, טעמים, Torah Reading","בראשית, נח, Genesis, Bereishit, Noach","חמישי, Chamishi","בר מצווה, Bar Mitzvah, בת מצווה, Bat Mitzvah, אשכנז, Ashkenaz, לימוד תורה","קריאה בתורה, טעמי המקרא, טעמים, Torah Reading, בראשית, נח, Genesis, Bereishit, Noach, חמישי, Chamishi, בר מצווה, Bar Mitzvah, בת מצווה, Bat Mitzvah, אשכנז, Ashkenaz, לימוד תורה",18,176,35.2%
6,נח,Genesis,parasha,24,שישי,6,"קריאה בתורה, טעמי המקרא, טעמים, Torah Reading","בראשית, נח, Genesis, Bereishit, Noach","שישי, Shishi","בר מצווה, Bar Mitzvah, בת מצווה, Bat Mitzvah, אשכנז, Ashkenaz, לימוד תורה","קריאה בתורה, טעמי המקרא, טעמים, Torah Reading, בראשית, נח, Genesis, Bereishit, Noach, שישי, Shishi, בר מצווה, Bar Mitzvah, בת מצווה, Bat Mitzvah, אשכנז, Ashkenaz, לימוד תורה",18,173,34.6%
6,נח,Genesis,parasha,25,שביעי,7,"קריאה בתורה, טעמי המקרא, טעמים, Torah Reading","בראשית, נח, Genesis, Bereishit, Noach","שביעי, Shevii","בר מצווה, Bar Mitzvah, בת מצווה, Bat Mitzvah, אשכנז, Ashkenaz, לימוד תורה","קריאה בתורה, טעמי המקרא, טעמים, Torah Reading, בראשית, נח, Genesis, Bereishit, Noach, שביעי, Shevii, בר מצווה, Bar Mitzvah, בת מצווה, Bat Mitzvah, אשכנז, Ashkenaz, לימוד תורה",18,174,34.8%
6,נח,Genesis,parasha,26,מפטיר,8,"קריאה בתורה, טעמי המקרא, טעמים, Torah Reading","בראשית, נח, Genesis, Bereishit, Noach","מפטיר, Maftir","בר מצווה, Bar Mitzvah, בת מצווה, Bat Mitzvah, אשכנז, Ashkenaz, לימוד תורה","קריאה בתורה, טעמי המקרא, טעמים, Torah Reading, בראשית, נח, Genesis, Bereishit, Noach, מפטיר, Maftir, בר מצווה, Bar Mitzvah, בת מצווה, Bat Mitzvah, אשכנז, Ashkenaz, לימוד תורה",18,174,34.8%
6,נח,Genesis,parasha,27,הפטרה,9,"קריאה בתורה, טעמי המקרא, טעמים, Torah Reading","בראשית, נח, Genesis, Bereishit, Noach","הפטרה, Haftara","בר מצווה, Bar Mitzvah, בת מצווה, Bat Mitzvah, אשכנז, Ashkenaz, לימוד תורה","קריאה בתורה, טעמי המקרא, טעמים, Torah Reading, בראשית, נח, Genesis, Bereishit, Noach, הפטרה, Haftara, בר מצווה, Bar Mitzvah, בת מצווה, Bat Mitzvah, אשכנז, Ashkenaz, לימוד תורה",18,175,35.0%
7,לך לך,Genesis,parasha,28,ראשון,1,"קריאה בתורה, טעמי המקרא, טעמים, Torah Reading","בראשית, לך לך, Genesis, Bereishit, Lech Lecha","ראשון, Rishon","בר מצווה, Bar Mitzvah, בת מצווה, Bat Mitzvah, אשכנז, Ashkenaz, לימוד תורה","קריאה בתורה, טעמי המקרא, טעמים, Torah Reading, בראשית, לך לך, Genesis, Bereishit, Lech Lecha, ראשון, Rishon, בר מצווה, Bar Mitzvah, בת מצווה, Bat Mitzvah, אשכנז, Ashkenaz, לימוד תורה",18,182,36.4%
7,לך לך,Genesis,parasha,29,שני,2,"קריאה בתורה, טעמי המקרא, טעמים, Torah Reading","בראשית, לך לך, Genesis, Bereishit, Lech Lecha","שני, Sheni","בר מצווה, Bar Mitzvah, בת מצווה, Bat Mitzvah, אשכנז, Ashkenaz, לימוד תורה","קריאה בתורה, טעמי המקרא, טעמים, Torah Reading, בראשית, לך לך, Genesis, Bereishit, Lech Lecha, שני, Sheni, בר מצווה, Bar Mitzvah, בת מצווה, Bat Mitzvah, אשכנז, Ashkenaz, לימוד תורה",18,179,35.8%
7,לך לך,Genesis,parasha,30,שלישי,3,"קריאה בתורה, טעמי המקרא, טעמים, Torah Reading","בראשית, לך לך, Genesis, Bereishit, Lech Lecha","שלישי, Shlishi","בר מצווה, Bar Mitzvah, בת מצווה, Bat Mitzvah, אשכנז, Ashkenaz, לימוד תורה","קריאה בתורה, טעמי המקרא, טעמים, Torah Reading, בראשית, לך לך, Genesis, Bereishit, Lech Lecha, שלישי, Shlishi, בר מצווה, Bar Mitzvah, בת מצווה, Bat Mitzvah, אשכנז, Ashkenaz, לימוד תורה",18,183,36.6%
7,לך לך,Genesis,parasha,31,רביעי,4,"קריאה בתורה, טעמי המקרא, טעמים, Torah Reading","בראשית, לך לך, Genesis, Bereishit, Lech Lecha","רביעי, Reviei","בר מצווה, Bar Mitzvah, בת מצווה, Bat Mitzvah, אשכנז, Ashkenaz, לימוד תורה","קריאה בתורה, טעמי המקרא, טעמים, Torah Reading, בראשית, לך לך, Genesis, Bereishit, Lech Lecha, רביעי, Reviei, בר מצווה, Bar Mitzvah, בת מצווה, Bat Mitzvah, אשכנז, Ashkenaz, לימוד תורה",18,182,36.4%
7,לך לך,Genesis,parasha,32,חמישי,5,"קריאה בתורה, טעמי המקרא, טעמים, Torah Reading","בראשית, לך לך, Genesis, Bereishit, Lech Lecha","חמישי, Chamishi","בר מצווה, Bar Mitzvah, בת מצווה, Bat Mitzvah, אשכנז, Ashkenaz, לימוד תורה","קריאה בתורה, טעמי המקרא, טעמים, Torah Reading, בראשית, לך לך, Genesis, Bereishit, Lech Lecha, חמישי, Chamishi, בר מצווה, Bar Mitzvah, בת מצווה, Bat Mitzvah, אשכנז, Ashkenaz, לימוד תורה",18,184,36.8%
7,לך לך,Genesis,parasha,33,שישי,6,"קריאה בתורה, טעמי המקרא, טעמים, Torah Reading","בראשית, לך לך, Genesis, Bereishit, Lech Lecha","שישי, Shishi","בר מצווה, Bar Mitzvah, בת מצווה, Bat Mitzvah, אשכנז, Ashkenaz, לימוד תורה","קריאה בתורה, טעמי המקרא, טעמים, Torah Reading, בראשית, לך לך, Genesis, Bereishit, Lech Lecha, שישי, Shishi, בר מצווה, Bar Mitzvah, בת מצווה, Bat Mitzvah, אשכנז, Ashkenaz, לימוד תורה",18,181,36.2%
7,לך לך,Genesis,parasha,34,שביעי,7,"קריאה בתורה, טעמי המקרא, טעמים, Torah Reading","בראשית, לך לך, Genesis, Bereishit, Lech Lecha","שביעי, Shevii","בר מצווה, Bar Mitzvah, בת מצווה, Bat Mitzvah, אשכנז, Ashkenaz, לימוד תורה","קריאה בתורה, טעמי המקרא, טעמים, Torah Reading, בראשית, לך לך, Genesis, Bereishit, Lech Lecha, שביעי, Shevii, בר מצווה, Bar Mitzvah, בת מצווה, Bat Mitzvah, אשכנז, Ashkenaz, לימוד תורה",18,182,36.4%
7,לך לך,Genesis,parasha,35,מפטיר,8,"קריאה בתורה, טעמי המקרא, טעמים, Torah Reading","בראשית, לך לך, Genesis, Bereishit, Lech Lecha","מפטיר, Maftir","בר מצווה, Bar Mitzvah, בת מצווה, Bat Mitzvah, אשכנז, Ashkenaz, לימוד תורה","קריאה בתורה, טעמי המקרא, טעמים, Torah Reading, בראשית, לך לך, Genesis, Bereishit, Lech Lecha, מפטיר, Maftir, בר מצווה, Bar Mitzvah, בת מצווה, Bat Mitzvah, אשכנז, Ashkenaz, לימוד תורה",18,182,36.4%
7,לך לך,Genesis,parasha,36,הפטרה,9,"קריאה בתורה, טעמי המקרא, טעמים, Torah Reading","בראשית, לך לך, Genesis, Bereishit, Lech Lecha","הפטרה, Haftara","בר מצווה, Bar Mitzvah, בת מצווה, Bat Mitzvah, אשכנז, Ashkenaz, לימוד תורה","קריאה בתורה, טעמי המקרא, טעמים, Torah Reading, בראשית, לך לך, Genesis, Bereishit, Lech Lecha, הפטרה, Haftara, בר מצווה, Bar Mitzvah, בת מצווה, Bat Mitzvah, אשכנז, Ashkenaz, לימוד תורה",18,183,36.6%
8,וירא,Genesis,parasha,37,ראשון,1,"קריאה בתורה, טעמי המקרא, טעמים, Torah Reading","בראשית, וירא, Genesis, Bereishit, Vayera","ראשון, Rishon","בר מצווה, Bar Mitzvah, בת מצווה, Bat Mitzvah, אשכנז, Ashkenaz, לימוד תורה","קריאה בתורה, טעמי המקרא, טעמים, Torah Reading, בראשית, וירא, Genesis, Bereishit, Vayera, ראשון, Rishon, בר מצווה, Bar Mitzvah, בת מצווה, Bat Mitzvah, אשכנז, Ashkenaz, לימוד תורה",18,177,35.4%
8,וירא,Genesis,parasha,38,שני,2,"קריאה בתורה, טעמי המקרא, טעמים, Torah Reading","בראשית, וירא, Genesis, Bereishit, Vayera","שני, Sheni","בר מצווה, Bar Mitzvah, בת מצווה, Bat Mitzvah, אשכנז, Ashkenaz, לימוד תורה","קריאה בתורה, טעמי המקרא, טעמים, Torah Reading, בראשית, וירא, Genesis, Bereishit, Vayera, שני, Sheni, בר מצווה, Bar Mitzvah, בת מצווה, Bat Mitzvah, אשכנז, Ashkenaz, לימוד תורה",18,174,34.8%
8,וירא,Genesis,parasha,39,שלישי,3,"קריאה בתורה, טעמי המקרא, טעמים, Torah Reading","בראשית, וירא, Genesis, Bereishit, Vayera","שלישי, Shlishi","בר מצווה, Bar Mitzvah, בת מצווה, Bat Mitzvah, אשכנז, Ashkenaz, לימוד תורה","קריאה בתורה, טעמי המקרא, טעמים, Torah Reading, בראשית, וירא, Genesis, Bereishit, Vayera, שלישי, Shlishi, בר מצווה, Bar Mitzvah, בת מצווה, Bat Mitzvah, אשכנז, Ashkenaz, לימוד תורה",18,178,35.6%
8,וירא,Genesis,parasha,40,רביעי,4,"קריאה בתורה, טעמי המקרא, טעמים, Torah Reading","בראשית, וירא, Genesis, Bereishit, Vayera","רביעי, Reviei","בר מצווה, Bar Mitzvah, בת מצווה, Bat Mitzvah, אשכנז, Ashkenaz, לימוד תורה","קריאה בתורה, טעמי המקרא, טעמים, Torah Reading, בראשית, וירא, Genesis, Bereishit, Vayera, רביעי, Reviei, בר מצווה, Bar Mitzvah, בת מצווה, Bat Mitzvah, אשכנז, Ashkenaz, לימוד תורה",18,177,35.4%
8,וירא,Genesis,parasha,41,חמישי,5,"קריאה בתורה, טעמי המקרא, טעמים, Torah Reading","בראשית, וירא, Genesis, Bereishit, Vayera","חמישי, Chamishi","בר מצווה, Bar Mitzvah, בת מצווה, Bat Mitzvah, אשכנז, Ashkenaz, לימוד תורה","קריאה בתורה, טעמי המקרא, טעמים, Torah Reading, בראשית, וירא, Genesis, Bereishit, Vayera, חמישי, Chamishi, בר מצווה, Bar Mitzvah, בת מצווה, Bat Mitzvah, אשכנז, Ashkenaz, לימוד תורה",18,179,35.8%
8,וירא,Genesis,parasha,42,שישי,6,"קריאה בתורה, טעמי המקרא, טעמים, Torah Reading","בראשית, וירא, Genesis, Bereishit, Vayera","שישי, Shishi","בר מצווה, Bar Mitzvah, בת מצווה, Bat Mitzvah, אשכנז, Ashkenaz, לימוד תורה","קריאה בתורה, טעמי המקרא, טעמים, Torah Reading, בראשית, וירא, Genesis, Bereishit, Vayera, שישי, Shishi, בר מצווה, Bar Mitzvah, בת מצווה, Bat Mitzvah, אשכנז, Ashkenaz, לימוד תורה",18,176,35.2%
8,וירא,Genesis,parasha,43,שביעי,7,"קריאה בתורה, טעמי המקרא, טעמים, Torah Reading","בראשית, וירא, Genesis, Bereishit, Vayera","שביעי, Shevii","בר מצווה, Bar Mitzvah, בת מצווה, Bat Mitzvah, אשכנז, Ashkenaz, לימוד תורה","קריאה בתורה, טעמי המקרא, טעמים, Torah Reading, בראשית, וירא, Genesis, Bereishit, Vayera, שביעי, Shevii, בר מצווה, Bar Mitzvah, בת מצווה, Bat Mitzvah, אשכנז, Ashkenaz, לימוד תורה",18,177,35.4%
8,וירא,Genesis,parasha,44,מפטיר,8,"קריאה בתורה, טעמי המקרא, טעמים, Torah Reading","בראשית, וירא, Genesis, Bereishit, Vayera","מפטיר, Maftir","בר מצווה, Bar Mitzvah, בת מצווה, Bat Mitzvah, אשכנז, Ashkenaz, לימוד תורה","קריאה בתורה, טעמי המקרא, טעמים, Torah Reading, בראשית, וירא, Genesis, Bereishit, Vayera, מפטיר, Maftir, בר מצווה, Bar Mitzvah, בת מצווה, Bat Mitzvah, אשכנז, Ashkenaz, לימוד תורה",18,177,35.4%
8,וירא,Genesis,parasha,45,הפטרה,9,"קריאה בתורה, טעמי המקרא, טעמים, Torah Reading","בראשית, וירא, Genesis, Bereishit, Vayera","הפטרה, Haftara","בר מצווה, Bar Mitzvah, בת מצווה, Bat Mitzvah, אשכנז, Ashkenaz, לימוד תורה","קריאה בתורה, טעמי המקרא, טעמים, Torah Reading, בראשית, וירא, Genesis, Bereishit, Vayera, הפטרה, Haftara, בר מצווה, Bar Mitzvah, בת מצווה, Bat Mitzvah, אשכנז, Ashkenaz, לימוד תורה",18,178,35.6%
9,חיי שרה,Genesis,parasha,46,ראשון,1,"קריאה בתורה, טעמי המקרא, טעמים, Torah Reading","בראשית, חיי שרה, Genesis, Bereishit, Chayei Sarah","ראשון, Rishon","בר מצווה, Bar Mitzvah, בת מצווה, Bat Mitzvah, אשכנז, Ashkenaz, לימוד תורה","קריאה בתורה, טעמי המקרא, טעמים, Torah Reading, בראשית, חיי שרה, Genesis, Bereishit, Chayei Sarah, ראשון, Rishon, בר מצווה, Bar Mitzvah, בת מצווה, Bat Mitzvah, אשכנז, Ashkenaz, לימוד תורה",18,186,37.2%
9,חיי שרה,Genesis,parasha,47,שני,2,"קריאה בתורה, טעמי המקרא, טעמים, Torah Reading","בראשית, חיי שרה, Genesis, Bereishit, Chayei Sarah","שני, Sheni","בר מצווה, Bar Mitzvah, בת מצווה, Bat Mitzvah, אשכנז, Ashkenaz, לימוד תורה","קריאה בתורה, טעמי המקרא, טעמים, Torah Reading, בראשית, חיי שרה, Genesis, Bereishit, Chayei Sarah, שני, Sheni, בר מצווה, Bar Mitzvah, בת מצווה, Bat Mitzvah, אשכנז, Ashkenaz, לימוד תורה",18,183,36.6%
9,חיי שרה,Genesis,parasha,48,שלישי,3,"קריאה בתורה, טעמי המקרא, טעמים, Torah Reading","בראשית, חיי שרה, Genesis, Bereishit, Chayei Sarah","שלישי, Shlishi","בר מצווה, Bar Mitzvah, בת מצווה, Bat Mitzvah, אשכנז, Ashkenaz, לימוד תורה","קריאה בתורה, טעמי המקרא, טעמים, Torah Reading, בראשית, חיי שרה, Genesis, Bereishit, Chayei Sarah, שלישי, Shlishi, בר מצווה, Bar Mitzvah, בת מצווה, Bat Mitzvah, אשכנז, Ashkenaz, לימוד תורה",18,187,37.4%
9,חיי שרה,Genesis,parasha,49,רביעי,4,"קריאה בתורה, טעמי המקרא, טעמים, Torah Reading","בראשית, חיי שרה, Genesis, Bereishit, Chayei Sarah","רביעי, Reviei","בר מצווה, Bar Mitzvah, בת מצווה, Bat Mitzvah, אשכנז, Ashkenaz, לימוד תורה","קריאה בתורה, טעמי המקרא, טעמים, Torah Reading, בראשית, חיי שרה, Genesis, Bereishit, Chayei Sarah, רביעי, Reviei, בר מצווה, Bar Mitzvah, בת מצווה, Bat Mitzvah, אשכנז, Ashkenaz, לימוד תורה",18,186,37.2%
9,חיי שרה,Genesis,parasha,50,חמישי,5,"קריאה בתורה, טעמי המקרא, טעמים, Torah Reading","בראשית, חיי שרה, Genesis, Bereishit, Chayei Sarah","חמישי, Chamishi","בר מצווה, Bar Mitzvah, בת מצווה, Bat Mitzvah, אשכנז, Ashkenaz, לימוד תורה","קריאה בתורה, טעמי המקרא, טעמים, Torah Reading, בראשית, חיי שרה, Genesis, Bereishit, Chayei Sarah, חמישי, Chamishi, בר מצווה, Bar Mitzvah, בת מצווה, Bat Mitzvah, אשכנז, Ashkenaz, לימוד תורה",18,188,37.6%
9,חיי שרה,Genesis,parasha,51,שישי,6,"קריאה בתורה, טעמי המקרא, טעמים, Torah Reading","בראשית, חיי שרה, Genesis, Bereishit, Chayei Sarah","שישי, Shishi","בר מצווה, Bar Mitzvah, בת מצווה, Bat Mitzvah, אשכנז, Ashkenaz, לימוד תורה","קריאה בתורה, טעמי המקרא, טעמים, Torah Reading, בראשית, חיי שרה, Genesis, Bereishit, Chayei Sarah, שישי, Shishi, בר מצווה, Bar Mitzvah, בת מצווה, Bat Mitzvah, אשכנז, Ashkenaz, לימוד תורה",18,185,37.0%
9,חיי שרה,Genesis,parasha,52,שביעי,7,"קריאה בתורה, טעמי המקרא, טעמים, Torah Reading","בראשית, חיי שרה, Genesis, Bereishit, Chayei Sarah","שביעי, Shevii","בר מצווה, Bar Mitzvah, בת מצווה, Bat Mitzvah, אשכנז, Ashkenaz, לימוד תורה","קריאה בתורה, טעמי המקרא, טעמים, Torah Reading, בראשית, חיי שרה, Genesis, Bereishit, Chayei Sarah, שביעי, Shevii, בר מצווה, Bar Mitzvah, בת מצווה, Bat Mitzvah, אשכנז, Ashkenaz, לימוד תורה",18,186,37.2%
9,חיי שרה,Genesis,parasha,53,מפטיר,8,"קריאה בתורה, טעמי המקרא, טעמים, Torah Reading","בראשית, חיי שרה, Genesis, Bereishit, Chayei Sarah","מפטיר, Maftir","בר מצווה, Bar Mitzvah, בת מצווה, Bat Mitzvah, אשכנז, Ashkenaz, לימוד תורה","קריאה בתורה, טעמי המקרא, טעמים, Torah Reading, בראשית, חיי שרה, Genesis, Bereishit, Chayei Sarah, מפטיר, Maftir, בר מצווה, Bar Mitzvah, בת מצווה, Bat Mitzvah, אשכנז, Ashkenaz, לימוד תורה",18,186,37.2%
9,חיי שרה,Genesis,parasha,54,הפטרה,9,"קריאה בתורה, טעמי המקרא, טעמים, Torah Reading","בראשית, חיי שרה, Genesis, Bereishit, Chayei Sarah","הפטרה, Haftara","בר מצווה, Bar Mitzvah, בת מצווה, Bat Mitzvah, אשכנז, Ashkenaz, לימוד תורה","קריאה בתורה, טעמי המקרא, טעמים, Torah Reading, בראשית, חיי שרה, Genesis, Bereishit, Chayei Sarah, הפטרה, Haftara, בר מצווה, Bar Mitzvah, בת מצווה, Bat Mitzvah, אשכנז, Ashkenaz, לימוד תורה",18,187,37.4%
10,תולדות,Genesis,parasha,55,ראשון,1,"קריאה בתורה, טעמי המקרא, טעמים, Torah Reading","בראשית, תולדות, Genesis, Bereishit, Toldot","ראשון, Rishon","בר מצווה, Bar Mitzvah, בת מצווה, Bat Mitzvah, אשכנז, Ashkenaz, לימוד תורה","קריאה בתורה, טעמי המקרא, טעמים, Torah Reading, בראשית, תולדות, Genesis, Bereishit, Toldot, ראשון, Rishon, בר מצווה, Bar Mitzvah, בת מצווה, Bat Mitzvah, אשכנז, Ashkenaz, לימוד תורה",18,179,35.8%
10,תולדות,Genesis,parasha,56,שני,2,"קריאה בתורה, טעמי המקרא, טעמים, Torah Reading","בראשית, תולדות, Genesis, Bereishit, Toldot","שני, Sheni","בר מצווה, Bar Mitzvah, בת מצווה, Bat Mitzvah, אשכנז, Ashkenaz, לימוד תורה","קריאה בתורה, טעמי המקרא, טעמים, Torah Reading, בראשית, תולדות, Genesis, Bereishit, Toldot, שני, Sheni, בר מצווה, Bar Mitzvah, בת מצווה, Bat Mitzvah, אשכנז, Ashkenaz, לימוד תורה",18,176,35.2%
10,תולדות,Genesis,parasha,57,שלישי,3,"קריאה בתורה, טעמי המקרא, טעמים, Torah Reading","בראשית, תולדות, Genesis, Bereishit, Toldot","שלישי, Shlishi","בר מצווה, Bar Mitzvah, בת מצווה, Bat Mitzvah, אשכנז, Ashkenaz, לימוד תורה","קריאה בתורה, טעמי המקרא, טעמים, Torah Reading, בראשית, תולדות, Genesis, Bereishit, Toldot, שלישי, Shlishi, בר מצווה, Bar Mitzvah, בת מצווה, Bat Mitzvah, אשכנז, Ashkenaz, לימוד תורה",18,180,36.0%
10,תולדות,Genesis,parasha,58,רביעי,4,"קריאה בתורה, טעמי המקרא, טעמים, Torah Reading","בראשית, תולדות, Genesis, Bereishit, Toldot","רביעי, Reviei","בר מצווה, Bar Mitzvah, בת מצווה, Bat Mitzvah, אשכנז, Ashkenaz, לימוד תורה","קריאה בתורה, טעמי המקרא, טעמים, Torah Reading, בראשית, תולדות, Genesis, Bereishit, Toldot, רביעי, Reviei, בר מצווה, Bar Mitzvah, בת מצווה, Bat Mitzvah, אשכנז, Ashkenaz, לימוד תורה",18,179,35.8%
10,תולדות,Genesis,parasha,59,חמישי,5,"קריאה בתורה, טעמי המקרא, טעמים, Torah Reading","בראשית, תולדות, Genesis, Bereishit, Toldot","חמישי, Chamishi","בר מצווה, Bar Mitzvah, בת מצווה, Bat Mitzvah, אשכנז, Ashkenaz, לימוד תורה","קריאה בתורה, טעמי המקרא, טעמים, Torah Reading, בראשית, תולדות, Genesis, Bereishit, Toldot, חמישי, Chamishi, בר מצווה, Bar Mitzvah, בת מצווה, Bat Mitzvah, אשכנז, Ashkenaz, לימוד תורה",18,181,36.2%
10,תולדות,Genesis,parasha,60,שישי,6,"קריאה בתורה, טעמי המקרא, טעמים, Torah Reading","בראשית, תולדות, Genesis, Bereishit, Toldot","שישי, Shishi","בר מצווה, Bar Mitzvah, בת מצווה, Bat Mitzvah, אשכנז, Ashkenaz, לימוד תורה","קריאה בתורה, טעמי המקרא, טעמים, Torah Reading, בראשית, תולדות, Genesis, Bereishit, Toldot, שישי, Shishi, בר מצווה, Bar Mitzvah, בת מצווה, Bat Mitzvah, אשכנז, Ashkenaz, לימוד תורה",18,178,35.6%
10,תולדות,Genesis,parasha,61,שביעי,7,"קריאה בתורה, טעמי המקרא, טעמים, Torah Reading","בראשית, תולדות, Genesis, Bereishit, Toldot","שביעי, Shevii","בר מצווה, Bar Mitzvah, בת מצווה, Bat Mitzvah, אשכנז, Ashkenaz, לימוד תורה","קריאה בתורה, טעמי המקרא, טעמים, Torah Reading, בראשית, תולדות, Genesis, Bereishit, Toldot, שביעי, Shevii, בר מצווה, Bar Mitzvah, בת מצווה, Bat Mitzvah, אשכנז, Ashkenaz, לימוד תורה",18,179,35.8%
10,תולדות,Genesis,parasha,62,מפטיר,8,"קריאה בתורה, טעמי המקרא, טעמים, Torah Reading","בראשית, תולדות, Genesis, Bereishit, Toldot","מפטיר, Maftir","בר מצווה, Bar Mitzvah, בת מצווה, Bat Mitzvah, אשכנז, Ashkenaz, לימוד תורה","קריאה בתורה, טעמי המקרא, טעמים, Torah Reading, בראשית, תולדות, Genesis, Bereishit, Toldot, מפטיר, Maftir, בר מצווה, Bar Mitzvah, בת מצווה, Bat Mitzvah, אשכנז, Ashkenaz, לימוד תורה",18,179,35.8%
10,תולדות,Genesis,parasha,63,הפטרה,9,"קריאה בתורה, טעמי המקרא, טעמים, Torah Reading","בראשית, תולדות, Genesis, Bereishit, Toldot","הפטרה, Haftara","בר מצווה, Bar Mitzvah, בת מצווה, Bat Mitzvah, אשכנז, Ashkenaz, לימוד תורה","קריאה בתורה, טעמי המקרא, טעמים, Torah Reading, בראשית, תולדות, Genesis, Bereishit, Toldot, הפטרה, Haftara, בר מצווה, Bar Mitzvah, בת מצווה, Bat Mitzvah, אשכנז, Ashkenaz, לימוד תורה",18,180,36.0%
11,ויצא,Genesis,parasha,64,ראשון,1,"קריאה בתורה, טעמי המקרא, טעמים, Torah Reading","בראשית, ויצא, Genesis, Bereishit, Vayetzei","ראשון, Rishon","בר מצווה, Bar Mitzvah, בת מצווה, Bat Mitzvah, אשכנז, Ashkenaz, לימוד תורה","קריאה בתורה, טעמי המקרא, טעמים, Torah Reading, בראשית, ויצא, Genesis, Bereishit, Vayetzei, ראשון, Rishon, בר מצווה, Bar Mitzvah, בת מצווה, Bat Mitzvah, אשכנז, Ashkenaz, לימוד תורה",18,179,35.8%
11,ויצא,Genesis,parasha,65,שני,2,"קריאה בתורה, טעמי המקרא, טעמים, Torah Reading","בראשית, ויצא, Genesis, Bereishit, Vayetzei","שני, Sheni","בר מצווה, Bar Mitzvah, בת מצווה, Bat Mitzvah, אשכנז, Ashkenaz, לימוד תורה","קריאה בתורה, טעמי המקרא, טעמים, Torah Reading, בראשית, ויצא, Genesis, Bereishit, Vayetzei, שני, Sheni, בר מצווה, Bar Mitzvah, בת מצווה, Bat Mitzvah, אשכנז, Ashkenaz, לימוד תורה",18,176,35.2%
11,ויצא,Genesis,parasha,66,שלישי,3,"קריאה בתורה, טעמי המקרא, טעמים, Torah Reading","בראשית, ויצא, Genesis, Bereishit, Vayetzei","שלישי, Shlishi","בר מצווה, Bar Mitzvah, בת מצווה, Bat Mitzvah, אשכנז, Ashkenaz, לימוד תורה","קריאה בתורה, טעמי המקרא, טעמים, Torah Reading, בראשית, ויצא, Genesis, Bereishit, Vayetzei, שלישי, Shlishi, בר מצווה, Bar Mitzvah, בת מצווה, Bat Mitzvah, אשכנז, Ashkenaz, לימוד תורה",18,180,36.0%
11,ויצא,Genesis,parasha,67,רביעי,4,"קריאה בתורה, טעמי המקרא, טעמים, Torah Reading","בראשית, ויצא, Genesis, Bereishit, Vayetzei","רביעי, Reviei","בר מצווה, Bar Mitzvah, בת מצווה, Bat Mitzvah, אשכנז, Ashkenaz, לימוד תורה","קריאה בתורה, טעמי המקרא, טעמים, Torah Reading, בראשית, ויצא, Genesis, Bereishit, Vayetzei, רביעי, Reviei, בר מצווה, Bar Mitzvah, בת מצווה, Bat Mitzvah, אשכנז, Ashkenaz, לימוד תורה",18,179,35.8%
11,ויצא,Genesis,parasha,68,חמישי,5,"קריאה בתורה, טעמי המקרא, טעמים, Torah Reading","בראשית, ויצא, Genesis, Bereishit, Vayetzei","חמישי, Chamishi","בר מצווה, Bar Mitzvah, בת מצווה, Bat Mitzvah, אשכנז, Ashkenaz, לימוד תורה","קריאה בתורה, טעמי המקרא, טעמים, Torah Reading, בראשית, ויצא, Genesis, Bereishit, Vayetzei, חמישי, Chamishi, בר מצווה, Bar Mitzvah, בת מצווה, Bat Mitzvah, אשכנז, Ashkenaz, לימוד תורה",18,181,36.2%
11,ויצא,Genesis,parasha,69,שישי,6,"קריאה בתורה, טעמי המקרא, טעמים, Torah Reading","בראשית, ויצא, Genesis, Bereishit, Vayetzei","שישי, Shishi","בר מצווה, Bar Mitzvah, בת מצווה, Bat Mitzvah, אשכנז, Ashkenaz, לימוד תורה","קריאה בתורה, טעמי המקרא, טעמים, Torah Reading, בראשית, ויצא, Genesis, Bereishit, Vayetzei, שישי, Shishi, בר מצווה, Bar Mitzvah, בת מצווה, Bat Mitzvah, אשכנז, Ashkenaz, לימוד תורה",18,178,35.6%
11,ויצא,Genesis,parasha,70,שביעי,7,"קריאה בתורה, טעמי המקרא, טעמים, Torah Reading","בראשית, ויצא, Genesis, Bereishit, Vayetzei","שביעי, Shevii","בר מצווה, Bar Mitzvah, בת מצווה, Bat Mitzvah, אשכנז, Ashkenaz, לימוד תורה","קריאה בתורה, טעמי המקרא, טעמים, Torah Reading, בראשית, ויצא, Genesis, Bereishit, Vayetzei, שביעי, Shevii, בר מצווה, Bar Mitzvah, בת מצווה, Bat Mitzvah, אשכנז, Ashkenaz, לימוד תורה",18,179,35.8%
11,ויצא,Genesis,parasha,71,מפטיר,8,"קריאה בתורה, טעמי המקרא, טעמים, Torah Reading","בראשית, ויצא, Genesis, Bereishit, Vayetzei","מפטיר, Maftir","בר מצווה, Bar Mitzvah, בת מצווה, Bat Mitzvah, אשכנז, Ashkenaz, לימוד תורה","קריאה בתורה, טעמי המקרא, טעמים, Torah Reading, בראשית, ויצא, Genesis, Bereishit, Vayetzei, מפטיר, Maftir, בר מצווה, Bar Mitzvah, בת מצווה, Bat Mitzvah, אשכנז, Ashkenaz, לימוד תורה",18,179,35.8%
11,ויצא,Genesis,parasha,72,הפטרה,9,"קריאה בתורה, טעמי המקרא, טעמים, Torah Reading","בראשית, ויצא, Genesis, Bereishit, Vayetzei","הפטרה, Haftara","בר מצווה, Bar Mitzvah, בת מצווה, Bat Mitzvah, אשכנז, Ashkenaz, לימוד תורה","קריאה בתורה, טעמי המקרא, טעמים, Torah Reading, בראשית, ויצא, Genesis, Bereishit, Vayetzei, הפטרה, Haftara, בר מצווה, Bar Mitzvah, בת מצווה, Bat Mitzvah, אשכנז, Ashkenaz, לימוד תורה",18,180,36.0%
12,וישלח,Genesis,parasha,73,ראשון,1,"קריאה בתורה, טעמי המקרא, טעמים, Torah Reading","בראשית, וישלח, Genesis, Bereishit, Vayishlach","ראשון, Rishon","בר מצווה, Bar Mitzvah, בת מצווה, Bat Mitzvah, אשכנז, Ashkenaz, לימוד תורה","קריאה בתורה, טעמי המקרא, טעמים, Torah Reading, בראשית, וישלח, Genesis, Bereishit, Vayishlach, ראשון, Rishon, בר מצווה, Bar Mitzvah, בת מצווה, Bat Mitzvah, אשכנז, Ashkenaz, לימוד תורה",18,182,36.4%
12,וישלח,Genesis,parasha,74,שני,2,"קריאה בתורה, טעמי המקרא, טעמים, Torah Reading","בראשית, וישלח, Genesis, Bereishit, Vayishlach","שני, Sheni","בר מצווה, Bar Mitzvah, בת מצווה, Bat Mitzvah, אשכנז, Ashkenaz, לימוד תורה","קריאה בתורה, טעמי המקרא, טעמים, Torah Reading, בראשית, וישלח, Genesis, Bereishit, Vayishlach, שני, Sheni, בר מצווה, Bar Mitzvah, בת מצווה, Bat Mitzvah, אשכנז, Ashkenaz, לימוד תורה",18,179,35.8%
12,וישלח,Genesis,parasha,75,שלישי,3,"קריאה בתורה, טעמי המקרא, טעמים, Torah Reading","בראשית, וישלח, Genesis, Bereishit, Vayishlach","שלישי, Shlishi","בר מצווה, Bar Mitzvah, בת מצווה, Bat Mitzvah, אשכנז, Ashkenaz, לימוד תורה","קריאה בתורה, טעמי המקרא, טעמים, Torah Reading, בראשית, וישלח, Genesis, Bereishit, Vayishlach, שלישי, Shlishi, בר מצווה, Bar Mitzvah, בת מצווה, Bat Mitzvah, אשכנז, Ashkenaz, לימוד תורה",18,183,36.6%
12,וישלח,Genesis,parasha,76,רביעי,4,"קריאה בתורה, טעמי המקרא, טעמים, Torah Reading","בראשית, וישלח, Genesis, Bereishit, Vayishlach","רביעי, Reviei","בר מצווה, Bar Mitzvah, בת מצווה, Bat Mitzvah, אשכנז, Ashkenaz, לימוד תורה","קריאה בתורה, טעמי המקרא, טעמים, Torah Reading, בראשית, וישלח, Genesis, Bereishit, Vayishlach, רביעי, Reviei, בר מצווה, Bar Mitzvah, בת מצווה, Bat Mitzvah, אשכנז, Ashkenaz, לימוד תורה",18,182,36.4%
12,וישלח,Genesis,parasha,77,חמישי,5,"קריאה בתורה, טעמי המקרא, טעמים, Torah Reading","בראשית, וישלח, Genesis, Bereishit, Vayishlach","חמישי, Chamishi","בר מצווה, Bar Mitzvah, בת מצווה, Bat Mitzvah, אשכנז, Ashkenaz, לימוד תורה","קריאה בתורה, טעמי המקרא, טעמים, Torah Reading, בראשית, וישלח, Genesis, Bereishit, Vayishlach, חמישי, Chamishi, בר מצווה, Bar Mitzvah, בת מצווה, Bat Mitzvah, אשכנז, Ashkenaz, לימוד תורה",18,184,36.8%
12,וישלח,Genesis,parasha,78,שישי,6,"קריאה בתורה, טעמי המקרא, טעמים, Torah Reading","בראשית, וישלח, Genesis, Bereishit, Vayishlach","שישי, Shishi","בר מצווה, Bar Mitzvah, בת מצווה, Bat Mitzvah, אשכנז, Ashkenaz, לימוד תורה","קריאה בתורה, טעמי המקרא, טעמים, Torah Reading, בראשית, וישלח, Genesis, Bereishit, Vayishlach, שישי, Shishi, בר מצווה, Bar Mitzvah, בת מצווה, Bat Mitzvah, אשכנז, Ashkenaz, לימוד תורה",18,181,36.2%
12,וישלח,Genesis,parasha,79,שביעי,7,"קריאה בתורה, טעמי המקרא, טעמים, Torah Reading","בראשית, וישלח, Genesis, Bereishit, Vayishlach","שביעי, Shevii","בר מצווה, Bar Mitzvah, בת מצווה, Bat Mitzvah, אשכנז, Ashkenaz, לימוד תורה","קריאה בתורה, טעמי המקרא, טעמים, Torah Reading, בראשית, וישלח, Genesis, Bereishit, Vayishlach, שביעי, Shevii, בר מצווה, Bar Mitzvah, בת מצווה, Bat Mitzvah, אשכנז, Ashkenaz, לימוד תורה",18,182,36.4%
12,וישלח,Genesis,parasha,80,מפטיר,8,"קריאה בתורה, טעמי המקרא, טעמים, Torah Reading","בראשית, וישלח, Genesis, Bereishit, Vayishlach","מפטיר, Maftir","בר מצווה, Bar Mitzvah, בת מצווה, Bat Mitzvah, אשכנז, Ashkenaz, לימוד תורה","קריאה בתורה, טעמי המקרא, טעמים, Torah Reading, בראשית, וישלח, Genesis, Bereishit, Vayishlach, מפטיר, Maftir, בר מצווה, Bar Mitzvah, בת מצווה, Bat Mitzvah, אשכנז, Ashkenaz, לימוד תורה",18,182,36.4%
12,וישלח,Genesis,parasha,81,הפטרה,9,"קריאה בתורה, טעמי המקרא, טעמים, Torah Reading","בראשית, וישלח, Genesis, Bereishit, Vayishlach","הפטרה, Haftara","בר מצווה, Bar Mitzvah, בת מצווה, Bat Mitzvah, אשכנז, Ashkenaz, לימוד תורה","קריאה בתורה, טעמי המקרא, טעמים, Torah Reading, בראשית, וישלח, Genesis, Bereishit, Vayishlach, הפטרה, Haftara, בר מצווה, Bar Mitzvah, בת מצווה, Bat Mitzvah, אשכנז, Ashkenaz, לימוד תורה",18,183,36.6%
13,וישב,Genesis,parasha,82,ראשון,1,"קריאה בתורה, טעמי המקרא, טעמים, Torah Reading","בראשית, וישב, Genesis, Bereishit, Vayeshev","ראשון, Rishon","בר מצווה, Bar Mitzvah, בת מצווה, Bat Mitzvah, אשכנז, Ashkenaz, לימוד תורה","קריאה בתורה, טעמי המקרא, טעמים, Torah Reading, בראשית, וישב, Genesis, Bereishit, Vayeshev, ראשון, Rishon, בר מצווה, Bar Mitzvah, בת מצווה, Bat Mitzvah, אשכנז, Ashkenaz, לימוד תורה",18,179,35.8%
13,וישב,Genesis,parasha,83,שני,2,"קריאה בתורה, טעמי המקרא, טעמים, Torah Reading","בראשית, וישב, Genesis, Bereishit, Vayeshev","שני, Sheni","בר מצווה, Bar Mitzvah, בת מצווה, Bat Mitzvah, אשכנז, Ashkenaz, לימוד תורה","קריאה בתורה, טעמי המקרא, טעמים, Torah Reading, בראשית, וישב, Genesis, Bereishit, Vayeshev, שני, Sheni, בר מצווה, Bar Mitzvah, בת מצווה, Bat Mitzvah, אשכנז, Ashkenaz, לימוד תורה",18,176,35.2%
13,וישב,Genesis,parasha,84,שלישי,3,"קריאה בתורה, טעמי המקרא, טעמים, Torah Reading","בראשית, וישב, Genesis, Bereishit, Vayeshev","שלישי, Shlishi","בר מצווה, Bar Mitzvah, בת מצווה, Bat Mitzvah, אשכנז, Ashkenaz, לימוד תורה","קריאה בתורה, טעמי המקרא, טעמים, Torah Reading, בראשית, וישב, Genesis, Bereishit, Vayeshev, שלישי, Shlishi, בר מצווה, Bar Mitzvah, בת מצווה, Bat Mitzvah, אשכנז, Ashkenaz, לימוד תורה",18,180,36.0%
13,וישב,Genesis,parasha,85,רביעי,4,"קריאה בתורה, טעמי המקרא, טעמים, Torah Reading","בראשית, וישב, Genesis, Bereishit, Vayeshev","רביעי, Reviei","בר מצווה, Bar Mitzvah, בת מצווה, Bat Mitzvah, אשכנז, Ashkenaz, לימוד תורה","קריאה בתורה, טעמי המקרא, טעמים, Torah Reading, בראשית, וישב, Genesis, Bereishit, Vayeshev, רביעי, Reviei, בר מצווה, Bar Mitzvah, בת מצווה, Bat Mitzvah, אשכנז, Ashkenaz, לימוד תורה",18,179,35.8%
13,וישב,Genesis,parasha,86,חמישי,5,"קריאה בתורה, טעמי המקרא, טעמים, Torah Reading","בראשית, וישב, Genesis, Bereishit, Vayeshev","חמישי, Chamishi","בר מצווה, Bar Mitzvah, בת מצווה, Bat Mitzvah, אשכנז, Ashkenaz, לימוד תורה","קריאה בתורה, טעמי המקרא, טעמים, Torah Reading, בראשית, וישב, Genesis, Bereishit, Vayeshev, חמישי, Chamishi, בר מצווה, Bar Mitzvah, בת מצווה, Bat Mitzvah, אשכנז, Ashkenaz, לימוד תורה",18,181,36.2%
13,וישב,Genesis,parasha,87,שישי,6,"קריאה בתורה, טעמי המקרא, טעמים, Torah Reading","בראשית, וישב, Genesis, Bereishit, Vayeshev","שישי, Shishi","בר מצווה, Bar Mitzvah, בת מצווה, Bat Mitzvah, אשכנז, Ashkenaz, לימוד תורה","קריאה בתורה, טעמי המקרא, טעמים, Torah Reading, בראשית, וישב, Genesis, Bereishit, Vayeshev, שישי, Shishi, בר מצווה, Bar Mitzvah, בת מצווה, Bat Mitzvah, אשכנז, Ashkenaz, לימוד תורה",18,178,35.6%
13,וישב,Genesis,parasha,88,שביעי,7,"קריאה בתורה, טעמי המקרא, טעמים, Torah Reading","בראשית, וישב, Genesis, Bereishit, Vayeshev","שביעי, Shevii","בר מצווה, Bar Mitzvah, בת מצווה, Bat Mitzvah, אשכנז, Ashkenaz, לימוד תורה","קריאה בתורה, טעמי המקרא, טעמים, Torah Reading, בראשית, וישב, Genesis, Bereishit, Vayeshev, שביעי, Shevii, בר מצווה, Bar Mitzvah, בת מצווה, Bat Mitzvah, אשכנז, Ashkenaz, לימוד תורה",18,179,35.8%
13,וישב,Genesis,parasha,89,מפטיר,8,"קריאה בתורה, טעמי המקרא, טעמים, Torah Reading","בראשית, וישב, Genesis, Bereishit, Vayeshev","מפטיר, Maftir","בר מצווה, Bar Mitzvah, בת מצווה, Bat Mitzvah, אשכנז, Ashkenaz, לימוד תורה","קריאה בתורה, טעמי המקרא, טעמים, Torah Reading, בראשית, וישב, Genesis, Bereishit, Vayeshev, מפטיר, Maftir, בר מצווה, Bar Mitzvah, בת מצווה, Bat Mitzvah, אשכנז, Ashkenaz, לימוד תורה",18,179,35.8%
13,וישב,Genesis,parasha,90,הפטרה,9,"קריאה בתורה, טעמי המקרא, טעמים, Torah Reading","בראשית, וישב, Genesis, Bereishit, Vayeshev","הפטרה, Haftara","בר מצווה, Bar Mitzvah, בת מצווה, Bat Mitzvah, אשכנז, Ashkenaz, לימוד תורה","קריאה בתורה, טעמי המקרא, טעמים, Torah Reading, בראשית, וישב, Genesis, Bereishit, Vayeshev, הפטרה, Haftara, בר מצווה, Bar Mitzvah, בת מצווה, Bat Mitzvah, אשכנז, Ashkenaz, לימוד תורה",18,180,36.0%
14,מקץ,Genesis,parasha,91,ראשון,1,"קריאה בתורה, טעמי המקרא, טעמים, Torah Reading","בראשית, מקץ, Genesis, Bereishit, Miketz","ראשון, Rishon","בר מצווה, Bar Mitzvah, בת מצווה, Bat Mitzvah, אשכנז, Ashkenaz, לימוד תורה","קריאה בתורה, טעמי המקרא, טעמים, Torah Reading, בראשית, מקץ, Genesis, Bereishit, Miketz, ראשון, Rishon, בר מצווה, Bar Mitzvah, בת מצווה, Bat Mitzvah, אשכנז, Ashkenaz, לימוד תורה",18,176,35.2%
14,מקץ,Genesis,parasha,92,שני,2,"קריאה בתורה, טעמי המקרא, טעמים, Torah Reading","בראשית, מקץ, Genesis, Bereishit, Miketz","שני, Sheni","בר מצווה, Bar Mitzvah, בת מצווה, Bat Mitzvah, אשכנז, Ashkenaz, לימוד תורה","קריאה בתורה, טעמי המקרא, טעמים, Torah Reading, בראשית, מקץ, Genesis, Bereishit, Miketz, שני, Sheni, בר מצווה, Bar Mitzvah, בת מצווה, Bat Mitzvah, אשכנז, Ashkenaz, לימוד תורה",18,173,34.6%
14,מקץ,Genesis,parasha,93,שלישי,3,"קריאה בתורה, טעמי המקרא, טעמים, Torah Reading","בראשית, מקץ, Genesis, Bereishit, Miketz","שלישי, Shlishi","בר מצווה, Bar Mitzvah, בת מצווה, Bat Mitzvah, אשכנז, Ashkenaz, לימוד תורה","קריאה בתורה, טעמי המקרא, טעמים, Torah Reading, בראשית, מקץ, Genesis, Bereishit, Miketz, שלישי, Shlishi, בר מצווה, Bar Mitzvah, בת מצווה, Bat Mitzvah, אשכנז, Ashkenaz, לימוד תורה",18,177,35.4%
14,מקץ,Genesis,parasha,94,רביעי,4,"קריאה בתורה, טעמי המקרא, טעמים, Torah Reading","בראשית, מקץ, Genesis, Bereishit, Miketz","רביעי, Reviei","בר מצווה, Bar Mitzvah, בת מצווה, Bat Mitzvah, אשכנז, Ashkenaz, לימוד תורה","קריאה בתורה, טעמי המקרא, טעמים, Torah Reading, בראשית, מקץ, Genesis, Bereishit, Miketz, רביעי, Reviei, בר מצווה, Bar Mitzvah, בת מצווה, Bat Mitzvah, אשכנז, Ashkenaz, לימוד תורה",18,176,35.2%
14,מקץ,Genesis,parasha,95,חמישי,5,"קריאה בתורה, טעמי המקרא, טעמים, Torah Reading","בראשית, מקץ, Genesis, Bereishit, Miketz","חמישי, Chamishi","בר מצווה, Bar Mitzvah, בת מצווה, Bat Mitzvah, אשכנז, Ashkenaz, לימוד תורה","קריאה בתורה, טעמי המקרא, טעמים, Torah Reading, בראשית, מקץ, Genesis, Bereishit, Miketz, חמישי, Chamishi, בר מצווה, Bar Mitzvah, בת מצווה, Bat Mitzvah, אשכנז, Ashkenaz, לימוד תורה",18,178,35.6%
14,מקץ,Genesis,parasha,96,שישי,6,"קריאה בתורה, טעמי המקרא, טעמים, Torah Reading","בראשית, מקץ, Genesis, Bereishit, Miketz","שישי, Shishi","בר מצווה, Bar Mitzvah, בת מצווה, Bat Mitzvah, אשכנז, Ashkenaz, לימוד תורה","קריאה בתורה, טעמי המקרא, טעמים, Torah Reading, בראשית, מקץ, Genesis, Bereishit, Miketz, שישי, Shishi, בר מצווה, Bar Mitzvah, בת מצווה, Bat Mitzvah, אשכנז, Ashkenaz, לימוד תורה",18,175,35.0%
14,מקץ,Genesis,parasha,97,שביעי,7,"קריאה בתורה, טעמי המקרא, טעמים, Torah Reading","בראשית, מקץ, Genesis, Bereishit, Miketz","שביעי, Shevii","בר מצווה, Bar Mitzvah, בת מצווה, Bat Mitzvah, אשכנז, Ashkenaz, לימוד תורה","קריאה בתורה, טעמי המקרא, טעמים, Torah Reading, בראשית, מקץ, Genesis, Bereishit, Miketz, שביעי, Shevii, בר מצווה, Bar Mitzvah, בת מצווה, Bat Mitzvah, אשכנז, Ashkenaz, לימוד תורה",18,176,35.2%
14,מקץ,Genesis,parasha,98,מפטיר,8,"קריאה בתורה, טעמי המקרא, טעמים, Torah Reading","בראשית, מקץ, Genesis, Bereishit, Miketz","מפטיר, Maftir","בר מצווה, Bar Mitzvah, בת מצווה, Bat Mitzvah, אשכנז, Ashkenaz, לימוד תורה","קריאה בתורה, טעמי המקרא, טעמים, Torah Reading, בראשית, מקץ, Genesis, Bereishit, Miketz, מפטיר, Maftir, בר מצווה, Bar Mitzvah, בת מצווה, Bat Mitzvah, אשכנז, Ashkenaz, לימוד תורה",18,176,35.2%
14,מקץ,Genesis,parasha,99,הפטרה,9,"קריאה בתורה, טעמי המקרא, טעמים, Torah Reading","בראשית, מקץ, Genesis, Bereishit, Miketz","הפטרה, Haftara","בר מצווה, Bar Mitzvah, בת מצווה, Bat Mitzvah, אשכנז, Ashkenaz, לימוד תורה","קריאה בתורה, טעמי המקרא, טעמים, Torah Reading, בראשית, מקץ, Genesis, Bereishit, Miketz, הפטרה, Haftara, בר מצווה, Bar Mitzvah, בת מצווה, Bat Mitzvah, אשכנז, Ashkenaz, לימוד תורה",18,177,35.4%
15,ויגש,Genesis,parasha,100,ראשון,1,"קריאה בתורה, טעמי המקרא, טעמים, Torah Reading","בראשית, ויגש, Genesis, Bereishit, Vayigash","ראשון, Rishon","בר מצווה, Bar Mitzvah, בת מצווה, Bat Mitzvah, אשכנז, Ashkenaz, לימוד תורה","קריאה בתורה, טעמי המקרא, טעמים, Torah Reading, בראשית, ויגש, Genesis, Bereishit, Vayigash, ראשון, Rishon, בר מצווה, Bar Mitzvah, בת מצווה, Bat Mitzvah, אשכנז, Ashkenaz, לימוד תורה",18,179,35.8%
15,ויגש,Genesis,parasha,101,שני,2,"קריאה בתורה, טעמי המקרא, טעמים, Torah Reading","בראשית, ויגש, Genesis, Bereishit, Vayigash","שני, Sheni","בר מצווה, Bar Mitzvah, בת מצווה, Bat Mitzvah, אשכנז, Ashkenaz, לימוד תורה","קריאה בתורה, טעמי המקרא, טעמים, Torah Reading, בראשית, ויגש, Genesis, Bereishit, Vayigash, שני, Sheni, בר מצווה, Bar Mitzvah, בת מצווה, Bat Mitzvah, אשכנז, Ashkenaz, לימוד תורה",18,176,35.2%
15,ויגש,Genesis,parasha,102,שלישי,3,"קריאה בתורה, טעמי המקרא, טעמים, Torah Reading","בראשית, ויגש, Genesis, Bereishit, Vayigash","שלישי, Shlishi","בר מצווה, Bar Mitzvah, בת מצווה, Bat Mitzvah, אשכנז, Ashkenaz, לימוד תורה","קריאה בתורה, טעמי המקרא, טעמים, Torah Reading, בראשית, ויגש, Genesis, Bereishit, Vayigash, שלישי, Shlishi, בר מצווה, Bar Mitzvah, בת מצווה, Bat Mitzvah, אשכנז, Ashkenaz, לימוד תורה",18,180,36.0%
15,ויגש,Genesis,parasha,103,רביעי,4,"קריאה בתורה, טעמי המקרא, טעמים, Torah Reading","בראשית, ויגש, Genesis, Bereishit, Vayigash","רביעי, Reviei","בר מצווה, Bar Mitzvah, בת מצווה, Bat Mitzvah, אשכנז, Ashkenaz, לימוד תורה","קריאה בתורה, טעמי המקרא, טעמים, Torah Reading, בראשית, ויגש, Genesis, Bereishit, Vayigash, רביעי, Reviei, בר מצווה, Bar Mitzvah, בת מצווה, Bat Mitzvah, אשכנז, Ashkenaz, לימוד תורה",18,179,35.8%
15,ויגש,Genesis,parasha,104,חמישי,5,"קריאה בתורה, טעמי המקרא, טעמים, Torah Reading","בראשית, ויגש, Genesis, Bereishit, Vayigash","חמישי, Chamishi","בר מצווה, Bar Mitzvah, בת מצווה, Bat Mitzvah, אשכנז, Ashkenaz, לימוד תורה","קריאה בתורה, טעמי המקרא, טעמים, Torah Reading, בראשית, ויגש, Genesis, Bereishit, Vayigash, חמישי, Chamishi, בר מצווה, Bar Mitzvah, בת מצווה, Bat Mitzvah, אשכנז, Ashkenaz, לימוד תורה",18,181,36.2%
15,ויגש,Genesis,parasha,105,שישי,6,"קריאה בתורה, טעמי המקרא, טעמים, Torah Reading","בראשית, ויגש, Genesis, Bereishit, Vayigash","שישי, Shishi","בר מצווה, Bar Mitzvah, בת מצווה, Bat Mitzvah, אשכנז, Ashkenaz, לימוד תורה","קריאה בתורה, טעמי המקרא, טעמים, Torah Reading, בראשית, ויגש, Genesis, Bereishit, Vayigash, שישי, Shishi, בר מצווה, Bar Mitzvah, בת מצווה, Bat Mitzvah, אשכנז, Ashkenaz, לימוד תורה",18,178,35.6%
15,ויגש,Genesis,parasha,106,שביעי,7,"קריאה בתורה, טעמי המקרא, טעמים, Torah Reading","בראשית, ויגש, Genesis, Bereishit, Vayigash","שביעי, Shevii","בר מצווה, Bar Mitzvah, בת מצווה, Bat Mitzvah, אשכנז, Ashkenaz, לימוד תורה","קריאה בתורה, טעמי המקרא, טעמים, Torah Reading, בראשית, ויגש, Genesis, Bereishit, Vayigash, שביעי, Shevii, בר מצווה, Bar Mitzvah, בת מצווה, Bat Mitzvah, אשכנז, Ashkenaz, לימוד תורה",18,179,35.8%
15,ויגש,Genesis,parasha,107,מפטיר,8,"קריאה בתורה, טעמי המקרא, טעמים, Torah Reading","בראשית, ויגש, Genesis, Bereishit, Vayigash","מפטיר, Maftir","בר מצווה, Bar Mitzvah, בת מצווה, Bat Mitzvah, אשכנז, Ashkenaz, לימוד תורה","קריאה בתורה, טעמי המקרא, טעמים, Torah Reading, בראשית, ויגש, Genesis, Bereishit, Vayigash, מפטיר, Maftir, בר מצווה, Bar Mitzvah, בת מצווה, Bat Mitzvah, אשכנז, Ashkenaz, לימוד תורה",18,179,35.8%
15,ויגש,Genesis,parasha,108,הפטרה,9,"קריאה בתורה, טעמי המקרא, טעמים, Torah Reading","בראשית, ויגש, Genesis, Bereishit, Vayigash","הפטרה, Haftara","בר מצווה, Bar Mitzvah, בת מצווה, Bat Mitzvah, אשכנז, Ashkenaz, לימוד תורה","קריאה בתורה, טעמי המקרא, טעמים, Torah Reading, בראשית, ויגש, Genesis, Bereishit, Vayigash, הפטרה, Haftara, בר מצווה, Bar Mitzvah, בת מצווה, Bat Mitzvah, אשכנז, Ashkenaz, לימוד תורה",18,180,36.0%
16,ויחי,Genesis,parasha,109,ראשון,1,"קריאה בתורה, טעמי המקרא, טעמים, Torah Reading","בראשית, ויחי, Genesis, Bereishit, Vayechi","ראשון, Rishon","בר מצווה, Bar Mitzvah, בת מצווה, Bat Mitzvah, אשכנז, Ashkenaz, לימוד תורה","קריאה בתורה, טעמי המקרא, טעמים, Torah Reading, בראשית, ויחי, Genesis, Bereishit, Vayechi, ראשון, Rishon, בר מצווה, Bar Mitzvah, בת מצווה, Bat Mitzvah, אשכנז, Ashkenaz, לימוד תורה",18,178,35.6%
16,ויחי,Genesis,parasha,110,שני,2,"קריאה בתורה, טעמי המקרא, טעמים, Torah Reading","בראשית, ויחי, Genesis, Bereishit, Vayechi","שני, Sheni","בר מצווה, Bar Mitzvah, בת מצווה, Bat Mitzvah, אשכנז, Ashkenaz, לימוד תורה","קריאה בתורה, טעמי המקרא, טעמים, Torah Reading, בראשית, ויחי, Genesis, Bereishit, Vayechi, שני, Sheni, בר מצווה, Bar Mitzvah, בת מצווה, Bat Mitzvah, אשכנז, Ashkenaz, לימוד תורה",18,175,35.0%
16,ויחי,Genesis,parasha,111,שלישי,3,"קריאה בתורה, טעמי המקרא, טעמים, Torah Reading","בראשית, ויחי, Genesis, Bereishit, Vayechi","שלישי, Shlishi","בר מצווה, Bar Mitzvah, בת מצווה, Bat Mitzvah, אשכנז, Ashkenaz, לימוד תורה","קריאה בתורה, טעמי המקרא, טעמים, Torah Reading, בראשית, ויחי, Genesis, Bereishit, Vayechi, שלישי, Shlishi, בר מצווה, Bar Mitzvah, בת מצווה, Bat Mitzvah, אשכנז, Ashkenaz, לימוד תורה",18,179,35.8%
16,ויחי,Genesis,parasha,112,רביעי,4,"קריאה בתורה, טעמי המקרא, טעמים, Torah Reading","בראשית, ויחי, Genesis, Bereishit, Vayechi","רביעי, Reviei","בר מצווה, Bar Mitzvah, בת מצווה, Bat Mitzvah, אשכנז, Ashkenaz, לימוד תורה","קריאה בתורה, טעמי המקרא, טעמים, Torah Reading, בראשית, ויחי, Genesis, Bereishit, Vayechi, רביעי, Reviei, בר מצווה, Bar Mitzvah, בת מצווה, Bat Mitzvah, אשכנז, Ashkenaz, לימוד תורה",18,178,35.6%
16,ויחי,Genesis,parasha,113,חמישי,5,"קריאה בתורה, טעמי המקרא, טעמים, Torah Reading","בראשית, ויחי, Genesis, Bereishit, Vayechi","חמישי, Chamishi","בר מצווה, Bar Mitzvah, בת מצווה, Bat Mitzvah, אשכנז, Ashkenaz, לימוד תורה","קריאה בתורה, טעמי המקרא, טעמים, Torah Reading, בראשית, ויחי, Genesis, Bereishit, Vayechi, חמישי, Chamishi, בר מצווה, Bar Mitzvah, בת מצווה, Bat Mitzvah, אשכנז, Ashkenaz, לימוד תורה",18,180,36.0%
16,ויחי,Genesis,parasha,114,שישי,6,"קריאה בתורה, טעמי המקרא, טעמים, Torah Reading","בראשית, ויחי, Genesis, Bereishit, Vayechi","שישי, Shishi","בר מצווה, Bar Mitzvah, בת מצווה, Bat Mitzvah, אשכנז, Ashkenaz, לימוד תורה","קריאה בתורה, טעמי המקרא, טעמים, Torah Reading, בראשית, ויחי, Genesis, Bereishit, Vayechi, שישי, Shishi, בר מצווה, Bar Mitzvah, בת מצווה, Bat Mitzvah, אשכנז, Ashkenaz, לימוד תורה",18,177,35.4%
16,ויחי,Genesis,parasha,115,שביעי,7,"קריאה בתורה, טעמי המקרא, טעמים, Torah Reading","בראשית, ויחי, Genesis, Bereishit, Vayechi","שביעי, Shevii","בר מצווה, Bar Mitzvah, בת מצווה, Bat Mitzvah, אשכנז, Ashkenaz, לימוד תורה","קריאה בתורה, טעמי המקרא, טעמים, Torah Reading, בראשית, ויחי, Genesis, Bereishit, Vayechi, שביעי, Shevii, בר מצווה, Bar Mitzvah, בת מצווה, Bat Mitzvah, אשכנז, Ashkenaz, לימוד תורה",18,178,35.6%
16,ויחי,Genesis,parasha,116,מפטיר,8,"קריאה בתורה, טעמי המקרא, טעמים, Torah Reading","בראשית, ויחי, Genesis, Bereishit, Vayechi","מפטיר, Maftir","בר מצווה, Bar Mitzvah, בת מצווה, Bat Mitzvah, אשכנז, Ashkenaz, לימוד תורה","קריאה בתורה, טעמי המקרא, טעמים, Torah Reading, בראשית, ויחי, Genesis, Bereishit, Vayechi, מפטיר, Maftir, בר מצווה, Bar Mitzvah, בת מצווה, Bat Mitzvah, אשכנז, Ashkenaz, לימוד תורה",18,178,35.6%
16,ויחי,Genesis,parasha,117,הפטרה,9,"קריאה בתורה, טעמי המקרא, טעמים, Torah Reading","בראשית, ויחי, Genesis, Bereishit, Vayechi","הפטרה, Haftara","בר מצווה, Bar Mitzvah, בת מצווה, Bat Mitzvah, אשכנז, Ashkenaz, לימוד תורה","קריאה בתורה, טעמי המקרא, טעמים, Torah Reading, בראשית, ויחי, Genesis, Bereishit, Vayechi, הפטרה, Haftara, בר מצווה, Bar Mitzvah, בת מצווה, Bat Mitzvah, אשכנז, Ashkenaz, לימוד תורה",18,179,35.8%
17,שמות,Exodus,parasha,118,ראשון,1,"קריאה בתורה, טעמי המקרא, טעמים, Torah Reading","שמות, שמות, Exodus, Shemot, Shemot","ראשון, Rishon","בר מצווה, Bar Mitzvah, בת מצווה, Bat Mitzvah, אשכנז, Ashkenaz, לימוד תורה","קריאה בתורה, טעמי המקרא, טעמים, Torah Reading, שמות, שמות, Exodus, Shemot, Shemot, ראשון, Rishon, בר מצווה, Bar Mitzvah, בת מצווה, Bat Mitzvah, אשכנז, Ashkenaz, לימוד תורה",18,171,34.2%
17,שמות,Exodus,parasha,119,שני,2,"קריאה בתורה, טעמי המקרא, טעמים, Torah Reading","שמות, שמות, Exodus, Shemot, Shemot","שני, Sheni","בר מצווה, Bar Mitzvah, בת מצווה, Bat Mitzvah, אשכנז, Ashkenaz, לימוד תורה","קריאה בתורה, טעמי המקרא, טעמים, Torah Reading, שמות, שמות, Exodus, Shemot, Shemot, שני, Sheni, בר מצווה, Bar Mitzvah, בת מצווה, Bat Mitzvah, אשכנז, Ashkenaz, לימוד תורה",18,168,33.6%
17,שמות,Exodus,parasha,120,שלישי,3,"קריאה בתורה, טעמי המקרא, טעמים, Torah Reading","שמות, שמות, Exodus, Shemot, Shemot","שלישי, Shlishi","בר מצווה, Bar Mitzvah, בת מצווה, Bat Mitzvah, אשכנז, Ashkenaz, לימוד תורה","קריאה בתורה, טעמי המקרא, טעמים, Torah Reading, שמות, שמות, Exodus, Shemot, Shemot, שלישי, Shlishi, בר מצווה, Bar Mitzvah, בת מצווה, Bat Mitzvah, אשכנז, Ashkenaz, לימוד תורה",18,172,34.4%
17,שמות,Exodus,parasha,121,רביעי,4,"קריאה בתורה, טעמי המקרא, טעמים, Torah Reading","שמות, שמות, Exodus, Shemot, Shemot","רביעי, Reviei","בר מצווה, Bar Mitzvah, בת מצווה, Bat Mitzvah, אשכנז, Ashkenaz, לימוד תורה","קריאה בתורה, טעמי המקרא, טעמים, Torah Reading, שמות, שמות, Exodus, Shemot, Shemot, רביעי, Reviei, בר מצווה, Bar Mitzvah, בת מצווה, Bat Mitzvah, אשכנז, Ashkenaz, לימוד תורה",18,171,34.2%
17,שמות,Exodus,parasha,122,חמישי,5,"קריאה בתורה, טעמי המקרא, טעמים, Torah Reading","שמות, שמות, Exodus, Shemot, Shemot","חמישי, Chamishi","בר מצווה, Bar Mitzvah, בת מצווה, Bat Mitzvah, אשכנז, Ashkenaz, לימוד תורה","קריאה בתורה, טעמי המקרא, טעמים, Torah Reading, שמות, שמות, Exodus, Shemot, Shemot, חמישי, Chamishi, בר מצווה, Bar Mitzvah, בת מצווה, Bat Mitzvah, אשכנז, Ashkenaz, לימוד תורה",18,173,34.6%
17,שמות,Exodus,parasha,123,שישי,6,"קריאה בתורה, טעמי המקרא, טעמים, Torah Reading","שמות, שמות, Exodus, Shemot, Shemot","שישי, Shishi","בר מצווה, Bar Mitzvah, בת מצווה, Bat Mitzvah, אשכנז, Ashkenaz, לימוד תורה","קריאה בתורה, טעמי המקרא, טעמים, Torah Reading, שמות, שמות, Exodus, Shemot, Shemot, שישי, Shishi, בר מצווה, Bar Mitzvah, בת מצווה, Bat Mitzvah, אשכנז, Ashkenaz, לימוד תורה",18,170,34.0%
17,שמות,Exodus,parasha,124,שביעי,7,"קריאה בתורה, טעמי המקרא, טעמים, Torah Reading","שמות, שמות, Exodus, Shemot, Shemot","שביעי, Shevii","בר מצווה, Bar Mitzvah, בת מצווה, Bat Mitzvah, אשכנז, Ashkenaz, לימוד תורה","קריאה בתורה, טעמי המקרא, טעמים, Torah Reading, שמות, שמות, Exodus, Shemot, Shemot, שביעי, Shevii, בר מצווה, Bar Mitzvah, בת מצווה, Bat Mitzvah, אשכנז, Ashkenaz, לימוד תורה",18,171,34.2%
17,שמות,Exodus,parasha,125,מפטיר,8,"קריאה בתורה, טעמי המקרא, טעמים, Torah Reading","שמות, שמות, Exodus, Shemot, Shemot","מפטיר, Maftir","בר מצווה, Bar Mitzvah, בת מצווה, Bat Mitzvah, אשכנז, Ashkenaz, לימוד תורה","קריאה בתורה, טעמי המקרא, טעמים, Torah Reading, שמות, שמות, Exodus, Shemot, Shemot, מפטיר, Maftir, בר מצווה, Bar Mitzvah, בת מצווה, Bat Mitzvah, אשכנז, Ashkenaz, לימוד תורה",18,171,34.2%
17,שמות,Exodus,parasha,126,הפטרה,9,"קריאה בתורה, טעמי המקרא, טעמים, Torah Reading","שמות, שמות, Exodus, Shemot, Shemot","הפטרה, Haftara","בר מצווה, Bar Mitzvah, בת מצווה, Bat Mitzvah, אשכנז, Ashkenaz, לימוד תורה","קריאה בתורה, טעמי המקרא, טעמים, Torah Reading, שמות, שמות, Exodus, Shemot, Shemot, הפטרה, Haftara, בר מצווה, Bar Mitzvah, בת מצווה, Bat Mitzvah, אשכנז, Ashkenaz, לימוד תורה",18,172,34.4%
18,וארא,Exodus,parasha,127,ראשון,1,"קריאה בתורה, טעמי המקרא, טעמים, Torah Reading","שמות, וארא, Exodus, Shemot, Vaera","ראשון, Rishon","בר מצווה, Bar Mitzvah, בת מצווה, Bat Mitzvah, אשכנז, Ashkenaz, לימוד תורה","קריאה בתורה, טעמי המקרא, טעמים, Torah Reading, שמות, וארא, Exodus, Shemot, Vaera, ראשון, Rishon, בר מצווה, Bar Mitzvah, בת מצווה, Bat Mitzvah, אשכנז, Ashkenaz, לימוד תורה",18,170,34.0%
18,וארא,Exodus,parasha,128,שני,2,"קריאה בתורה, טעמי המקרא, טעמים, Torah Reading","שמות, וארא, Exodus, Shemot, Vaera","שני, Sheni","בר מצווה, Bar Mitzvah, בת מצווה, Bat Mitzvah, אשכנז, Ashkenaz, לימוד תורה","קריאה בתורה, טעמי המקרא, טעמים, Torah Reading, שמות, וארא, Exodus, Shemot, Vaera, שני, Sheni, בר מצווה, Bar Mitzvah, בת מצווה, Bat Mitzvah, אשכנז, Ashkenaz, לימוד תורה",18,167,33.4%
18,וארא,Exodus,parasha,129,שלישי,3,"קריאה בתורה, טעמי המקרא, טעמים, Torah Reading","שמות, וארא, Exodus, Shemot, Vaera","שלישי, Shlishi","בר מצווה, Bar Mitzvah, בת מצווה, Bat Mitzvah, אשכנז, Ashkenaz, לימוד תורה","קריאה בתורה, טעמי המקרא, טעמים, Torah Reading, שמות, וארא, Exodus, Shemot, Vaera, שלישי, Shlishi, בר מצווה, Bar Mitzvah, בת מצווה, Bat Mitzvah, אשכנז, Ashkenaz, לימוד תורה",18,171,34.2%
18,וארא,Exodus,parasha,130,רביעי,4,"קריאה בתורה, טעמי המקרא, טעמים, Torah Reading","שמות, וארא, Exodus, Shemot, Vaera","רביעי, Reviei","בר מצווה, Bar Mitzvah, בת מצווה, Bat Mitzvah, אשכנז, Ashkenaz, לימוד תורה","קריאה בתורה, טעמי המקרא, טעמים, Torah Reading, שמות, וארא, Exodus, Shemot, Vaera, רביעי, Reviei, בר מצווה, Bar Mitzvah, בת מצווה, Bat Mitzvah, אשכנז, Ashkenaz, לימוד תורה",18,170,34.0%
18,וארא,Exodus,parasha,131,חמישי,5,"קריאה בתורה, טעמי המקרא, טעמים, Torah Reading","שמות, וארא, Exodus, Shemot, Vaera","חמישי, Chamishi","בר מצווה, Bar Mitzvah, בת מצווה, Bat Mitzvah, אשכנז, Ashkenaz, לימוד תורה","קריאה בתורה, טעמי המקרא, טעמים, Torah Reading, שמות, וארא, Exodus, Shemot, Vaera, חמישי, Chamishi, בר מצווה, Bar Mitzvah, בת מצווה, Bat Mitzvah, אשכנז, Ashkenaz, לימוד תורה",18,172,34.4%
18,וארא,Exodus,parasha,132,שישי,6,"קריאה בתורה, טעמי המקרא, טעמים, Torah Reading","שמות, וארא, Exodus, Shemot, Vaera","שישי, Shishi","בר מצווה, Bar Mitzvah, בת מצווה, Bat Mitzvah, אשכנז, Ashkenaz, לימוד תורה","קריאה בתורה, טעמי המקרא, טעמים, Torah Reading, שמות, וארא, Exodus, Shemot, Vaera, שישי, Shishi, בר מצווה, Bar Mitzvah, בת מצווה, Bat Mitzvah, אשכנז, Ashkenaz, לימוד תורה",18,169,33.8%
18,וארא,Exodus,parasha,133,שביעי,7,"קריאה בתורה, טעמי המקרא, טעמים, Torah Reading","שמות, וארא, Exodus, Shemot, Vaera","שביעי, Shevii","בר מצווה, Bar Mitzvah, בת מצווה, Bat Mitzvah, אשכנז, Ashkenaz, לימוד תורה","קריאה בתורה, טעמי המקרא, טעמים, Torah Reading, שמות, וארא, Exodus, Shemot, Vaera, שביעי, Shevii, בר מצווה, Bar Mitzvah, בת מצווה, Bat Mitzvah, אשכנז, Ashkenaz, לימוד תורה",18,170,34.0%
18,וארא,Exodus,parasha,134,מפטיר,8,"קריאה בתורה, טעמי המקרא, טעמים, Torah Reading","שמות, וארא, Exodus, Shemot, Vaera","מפטיר, Maftir","בר מצווה, Bar Mitzvah, בת מצווה, Bat Mitzvah, אשכנז, Ashkenaz, לימוד תורה","קריאה בתורה, טעמי המקרא, טעמים, Torah Reading, שמות, וארא, Exodus, Shemot, Vaera, מפטיר, Maftir, בר מצווה, Bar Mitzvah, בת מצווה, Bat Mitzvah, אשכנז, Ashkenaz, לימוד תורה",18,170,34.0%
18,וארא,Exodus,parasha,135,הפטרה,9,"קריאה בתורה, טעמי המקרא, טעמים, Torah Reading","שמות, וארא, Exodus, Shemot, Vaera","הפטרה, Haftara","בר מצווה, Bar Mitzvah, בת מצווה, Bat Mitzvah, אשכנז, Ashkenaz, לימוד תורה","קריאה בתורה, טעמי המקרא, טעמים, Torah Reading, שמות, וארא, Exodus, Shemot, Vaera, הפטרה, Haftara, בר מצווה, Bar Mitzvah, בת מצווה, Bat Mitzvah, אשכנז, Ashkenaz, לימוד תורה",18,171,34.2%
19,בא,Exodus,parasha,136,ראשון,1,"קריאה בתורה, טעמי המקרא, טעמים, Torah Reading","שמות, בא, Exodus, Shemot, Bo","ראשון, Rishon","בר מצווה, Bar Mitzvah, בת מצווה, Bat Mitzvah, אשכנז, Ashkenaz, לימוד תורה","קריאה בתורה, טעמי המקרא, טעמים, Torah Reading, שמות, בא, Exodus, Shemot, Bo, ראשון, Rishon, בר מצווה, Bar Mitzvah, בת מצווה, Bat Mitzvah, אשכנז, Ashkenaz, לימוד תורה",18,165,33.0%
19,בא,Exodus,parasha,137,שני,2,"קריאה בתורה, טעמי המקרא, טעמים, Torah Reading","שמות, בא, Exodus, Shemot, Bo","שני, Sheni","בר מצווה, Bar Mitzvah, בת מצווה, Bat Mitzvah, אשכנז, Ashkenaz, לימוד תורה","קריאה בתורה, טעמי המקרא, טעמים, Torah Reading, שמות, בא, Exodus, Shemot, Bo, שני, Sheni, בר מצווה, Bar Mitzvah, בת מצווה, Bat Mitzvah, אשכנז, Ashkenaz, לימוד תורה",18,162,32.4%
19,בא,Exodus,parasha,138,שלישי,3,"קריאה בתורה, טעמי המקרא, טעמים, Torah Reading","שמות, בא, Exodus, Shemot, Bo","שלישי, Shlishi","בר מצווה, Bar Mitzvah, בת מצווה, Bat Mitzvah, אשכנז, Ashkenaz, לימוד תורה","קריאה בתורה, טעמי המקרא, טעמים, Torah Reading, שמות, בא, Exodus, Shemot, Bo, שלישי, Shlishi, בר מצווה, Bar Mitzvah, בת מצווה, Bat Mitzvah, אשכנז, Ashkenaz, לימוד תורה",18,166,33.2%
19,בא,Exodus,parasha,139,רביעי,4,"קריאה בתורה, טעמי המקרא, טעמים, Torah Reading","שמות, בא, Exodus, Shemot, Bo","רביעי, Reviei","בר מצווה, Bar Mitzvah, בת מצווה, Bat Mitzvah, אשכנז, Ashkenaz, לימוד תורה","קריאה בתורה, טעמי המקרא, טעמים, Torah Reading, שמות, בא, Exodus, Shemot, Bo, רביעי, Reviei, בר מצווה, Bar Mitzvah, בת מצווה, Bat Mitzvah, אשכנז, Ashkenaz, לימוד תורה",18,165,33.0%
19,בא,Exodus,parasha,140,חמישי,5,"קריאה בתורה, טעמי המקרא, טעמים, Torah Reading","שמות, בא, Exodus, Shemot, Bo","חמישי, Chamishi","בר מצווה, Bar Mitzvah, בת מצווה, Bat Mitzvah, אשכנז, Ashkenaz, לימוד תורה","קריאה בתורה, טעמי המקרא, טעמים, Torah Reading, שמות, בא, Exodus, Shemot, Bo, חמישי, Chamishi, בר מצווה, Bar Mitzvah, בת מצווה, Bat Mitzvah, אשכנז, Ashkenaz, לימוד תורה",18,167,33.4%
19,בא,Exodus,parasha,141,שישי,6,"קריאה בתורה, טעמי המקרא, טעמים, Torah Reading","שמות, בא, Exodus, Shemot, Bo","שישי, Shishi","בר מצווה, Bar Mitzvah, בת מצווה, Bat Mitzvah, אשכנז, Ashkenaz, לימוד תורה","קריאה בתורה, טעמי המקרא, טעמים, Torah Reading, שמות, בא, Exodus, Shemot, Bo, שישי, Shishi, בר מצווה, Bar Mitzvah, בת מצווה, Bat Mitzvah, אשכנז, Ashkenaz, לימוד תורה",18,164,32.8%
19,בא,Exodus,parasha,142,שביעי,7,"קריאה בתורה, טעמי המקרא, טעמים, Torah Reading","שמות, בא, Exodus, Shemot, Bo","שביעי, Shevii","בר מצווה, Bar Mitzvah, בת מצווה, Bat Mitzvah, אשכנז, Ashkenaz, לימוד תורה","קריאה בתורה, טעמי המקרא, טעמים, Torah Reading, שמות, בא, Exodus, Shemot, Bo, שביעי, Shevii, בר מצווה, Bar Mitzvah, בת מצווה, Bat Mitzvah, אשכנז, Ashkenaz, לימוד תורה",18,165,33.0%
19,בא,Exodus,parasha,143,מפטיר,8,"קריאה בתורה, טעמי המקרא, טעמים, Torah Reading","שמות, בא, Exodus, Shemot, Bo","מפטיר, Maftir","בר מצווה, Bar Mitzvah, בת מצווה, Bat Mitzvah, אשכנז, Ashkenaz, לימוד תורה","קריאה בתורה, טעמי המקרא, טעמים, Torah Reading, שמות, בא, Exodus, Shemot, Bo, מפטיר, Maftir, בר מצווה, Bar Mitzvah, בת מצווה, Bat Mitzvah, אשכנז, Ashkenaz, לימוד תורה",18,165,33.0%
19,בא,Exodus,parasha,144,הפטרה,9,"קריאה בתורה, טעמי המקרא, טעמים, Torah Reading","שמות, בא, Exodus, Shemot, Bo","הפטרה, Haftara","בר מצווה, Bar Mitzvah, בת מצווה, Bat Mitzvah, אשכנז, Ashkenaz, לימוד תורה","קריאה בתורה, טעמי המקרא, טעמים, Torah Reading, שמות, בא, Exodus, Shemot, Bo, הפטרה, Haftara, בר מצווה, Bar Mitzvah, בת מצווה, Bat Mitzvah, אשכנז, Ashkenaz, לימוד תורה",18,166,33.2%
20,בשלח,Exodus,parasha,145,ראשון,1,"קריאה בתורה, טעמי המקרא, טעמים, Torah Reading","שמות, בשלח, Exodus, Shemot, Beshalach","ראשון, Rishon","בר מצווה, Bar Mitzvah, בת מצווה, Bat Mitzvah, אשכנז, Ashkenaz, לימוד תורה","קריאה בתורה, טעמי המקרא, טעמים, Torah Reading, שמות, בשלח, Exodus, Shemot, Beshalach, ראשון, Rishon, בר מצווה, Bar Mitzvah, בת מצווה, Bat Mitzvah, אשכנז, Ashkenaz, לימוד תורה",18,174,34.8%
20,בשלח,Exodus,parasha,146,שני,2,"קריאה בתורה, טעמי המקרא, טעמים, Torah Reading","שמות, בשלח, Exodus, Shemot, Beshalach","שני, Sheni","בר מצווה, Bar Mitzvah, בת מצווה, Bat Mitzvah, אשכנז, Ashkenaz, לימוד תורה","קריאה בתורה, טעמי המקרא, טעמים, Torah Reading, שמות, בשלח, Exodus, Shemot, Beshalach, שני, Sheni, בר מצווה, Bar Mitzvah, בת מצווה, Bat Mitzvah, אשכנז, Ashkenaz, לימוד תורה",18,171,34.2%
20,בשלח,Exodus,parasha,147,שלישי,3,"קריאה בתורה, טעמי המקרא, טעמים, Torah Reading","שמות, בשלח, Exodus, Shemot, Beshalach","שלישי, Shlishi","בר מצווה, Bar Mitzvah, בת מצווה, Bat Mitzvah, אשכנז, Ashkenaz, לימוד תורה","קריאה בתורה, טעמי המקרא, טעמים, Torah Reading, שמות, בשלח, Exodus, Shemot, Beshalach, שלישי, Shlishi, בר מצווה, Bar Mitzvah, בת מצווה, Bat Mitzvah, אשכנז, Ashkenaz, לימוד תורה",18,175,35.0%
20,בשלח,Exodus,parasha,148,רביעי,4,"קריאה בתורה, טעמי המקרא, טעמים, Torah Reading","שמות, בשלח, Exodus, Shemot, Beshalach","רביעי, Reviei","בר מצווה, Bar Mitzvah, בת מצווה, Bat Mitzvah, אשכנז, Ashkenaz, לימוד תורה","קריאה בתורה, טעמי המקרא, טעמים, Torah Reading, שמות, בשלח, Exodus, Shemot, Beshalach, רביעי, Reviei, בר מצווה, Bar Mitzvah, בת מצווה, Bat Mitzvah, אשכנז, Ashkenaz, לימוד תורה",18,174,34.8%
20,בשלח,Exodus,parasha,149,חמישי,5,"קריאה בתורה, טעמי המקרא, טעמים, Torah Reading","שמות, בשלח, Exodus, Shemot, Beshalach","חמישי, Chamishi","בר מצווה, Bar Mitzvah, בת מצווה, Bat Mitzvah, אשכנז, Ashkenaz, לימוד תורה","קריאה בתורה, טעמי המקרא, טעמים, Torah Reading, שמות, בשלח, Exodus, Shemot, Beshalach, חמישי, Chamishi, בר מצווה, Bar Mitzvah, בת מצווה, Bat Mitzvah, אשכנז, Ashkenaz, לימוד תורה",18,176,35.2%
20,בשלח,Exodus,parasha,150,שישי,6,"קריאה בתורה, טעמי המקרא, טעמים, Torah Reading","שמות, בשלח, Exodus, Shemot, Beshalach","שישי, Shishi","בר מצווה, Bar Mitzvah, בת מצווה, Bat Mitzvah, אשכנז, Ashkenaz, לימוד תורה","קריאה בתורה, טעמי המקרא, טעמים, Torah Reading, שמות, בשלח, Exodus, Shemot, Beshalach, שישי, Shishi, בר מצווה, Bar Mitzvah, בת מצווה, Bat Mitzvah, אשכנז, Ashkenaz, לימוד תורה",18,173,34.6%
20,בשלח,Exodus,parasha,151,שביעי,7,"קריאה בתורה, טעמי המקרא, טעמים, Torah Reading","שמות, בשלח, Exodus, Shemot, Beshalach","שביעי, Shevii","בר מצווה, Bar Mitzvah, בת מצווה, Bat Mitzvah, אשכנז, Ashkenaz, לימוד תורה","קריאה בתורה, טעמי המקרא, טעמים, Torah Reading, שמות, בשלח, Exodus, Shemot, Beshalach, שביעי, Shevii, בר מצווה, Bar Mitzvah, בת מצווה, Bat Mitzvah, אשכנז, Ashkenaz, לימוד תורה",18,174,34.8%
20,בשלח,Exodus,parasha,152,מפטיר,8,"קריאה בתורה, טעמי המקרא, טעמים, Torah Reading","שמות, בשלח, Exodus, Shemot, Beshalach","מפטיר, Maftir","בר מצווה, Bar Mitzvah, בת מצווה, Bat Mitzvah, אשכנז, Ashkenaz, לימוד תורה","קריאה בתורה, טעמי המקרא, טעמים, Torah Reading, שמות, בשלח, Exodus, Shemot, Beshalach, מפטיר, Maftir, בר מצווה, Bar Mitzvah, בת מצווה, Bat Mitzvah, אשכנז, Ashkenaz, לימוד תורה",18,174,34.8%
20,בשלח,Exodus,parasha,153,הפטרה,9,"קריאה בתורה, טעמי המקרא, טעמים, Torah Reading","שמות, בשלח, Exodus, Shemot, Beshalach","הפטרה, Haftara","בר מצווה, Bar Mitzvah, בת מצווה, Bat Mitzvah, אשכנז, Ashkenaz, לימוד תורה","קריאה בתורה, טעמי המקרא, טעמים, Torah Reading, שמות, בשלח, Exodus, Shemot, Beshalach, הפטרה, Haftara, בר מצווה, Bar Mitzvah, בת מצווה, Bat Mitzvah, אשכנז, Ashkenaz, לימוד תורה",18,175,35.0%
21,יתרו,Exodus,parasha,154,ראשון,1,"קריאה בתורה, טעמי המקרא, טעמים, Torah Reading","שמות, יתרו, Exodus, Shemot, Yitro","ראשון, Rishon","בר מצווה, Bar Mitzvah, בת מצווה, Bat Mitzvah, אשכנז, Ashkenaz, לימוד תורה","קריאה בתורה, טעמי המקרא, טעמים, Torah Reading, שמות, יתרו, Exodus, Shemot, Yitro, ראשון, Rishon, בר מצווה, Bar Mitzvah, בת מצווה, Bat Mitzvah, אשכנז, Ashkenaz, לימוד תורה",18,170,34.0%
21,יתרו,Exodus,parasha,155,שני,2,"קריאה בתורה, טעמי המקרא, טעמים, Torah Reading","שמות, יתרו, Exodus, Shemot, Yitro","שני, Sheni","בר מצווה, Bar Mitzvah, בת מצווה, Bat Mitzvah, אשכנז, Ashkenaz, לימוד תורה","קריאה בתורה, טעמי המקרא, טעמים, Torah Reading, שמות, יתרו, Exodus, Shemot, Yitro, שני, Sheni, בר מצווה, Bar Mitzvah, בת מצווה, Bat Mitzvah, אשכנז, Ashkenaz, לימוד תורה",18,167,33.4%
21,יתרו,Exodus,parasha,156,שלישי,3,"קריאה בתורה, טעמי המקרא, טעמים, Torah Reading","שמות, יתרו, Exodus, Shemot, Yitro","שלישי, Shlishi","בר מצווה, Bar Mitzvah, בת מצווה, Bat Mitzvah, אשכנז, Ashkenaz, לימוד תורה","קריאה בתורה, טעמי המקרא, טעמים, Torah Reading, שמות, יתרו, Exodus, Shemot, Yitro, שלישי, Shlishi, בר מצווה, Bar Mitzvah, בת מצווה, Bat Mitzvah, אשכנז, Ashkenaz, לימוד תורה",18,171,34.2%
21,יתרו,Exodus,parasha,157,רביעי,4,"קריאה בתורה, טעמי המקרא, טעמים, Torah Reading","שמות, יתרו, Exodus, Shemot, Yitro","רביעי, Reviei","בר מצווה, Bar Mitzvah, בת מצווה, Bat Mitzvah, אשכנז, Ashkenaz, לימוד תורה","קריאה בתורה, טעמי המקרא, טעמים, Torah Reading, שמות, יתרו, Exodus, Shemot, Yitro, רביעי, Reviei, בר מצווה, Bar Mitzvah, בת מצווה, Bat Mitzvah, אשכנז, Ashkenaz, לימוד תורה",18,170,34.0%
21,יתרו,Exodus,parasha,158,חמישי,5,"קריאה בתורה, טעמי המקרא, טעמים, Torah Reading","שמות, יתרו, Exodus, Shemot, Yitro","חמישי, Chamishi","בר מצווה, Bar Mitzvah, בת מצווה, Bat Mitzvah, אשכנז, Ashkenaz, לימוד תורה","קריאה בתורה, טעמי המקרא, טעמים, Torah Reading, שמות, יתרו, Exodus, Shemot, Yitro, חמישי, Chamishi, בר מצווה, Bar Mitzvah, בת מצווה, Bat Mitzvah, אשכנז, Ashkenaz, לימוד תורה",18,172,34.4%
21,יתרו,Exodus,parasha,159,שישי,6,"קריאה בתורה, טעמי המקרא, טעמים, Torah Reading","שמות, יתרו, Exodus, Shemot, Yitro","שישי, Shishi","בר מצווה, Bar Mitzvah, בת מצווה, Bat Mitzvah, אשכנז, Ashkenaz, לימוד תורה","קריאה בתורה, טעמי המקרא, טעמים, Torah Reading, שמות, יתרו, Exodus, Shemot, Yitro, שישי, Shishi, בר מצווה, Bar Mitzvah, בת מצווה, Bat Mitzvah, אשכנז, Ashkenaz, לימוד תורה",18,169,33.8%
21,יתרו,Exodus,parasha,160,שביעי,7,"קריאה בתורה, טעמי המקרא, טעמים, Torah Reading","שמות, יתרו, Exodus, Shemot, Yitro","שביעי, Shevii","בר מצווה, Bar Mitzvah, בת מצווה, Bat Mitzvah, אשכנז, Ashkenaz, לימוד תורה","קריאה בתורה, טעמי המקרא, טעמים, Torah Reading, שמות, יתרו, Exodus, Shemot, Yitro, שביעי, Shevii, בר מצווה, Bar Mitzvah, בת מצווה, Bat Mitzvah, אשכנז, Ashkenaz, לימוד תורה",18,170,34.0%
21,יתרו,Exodus,parasha,161,מפטיר,8,"קריאה בתורה, טעמי המקרא, טעמים, Torah Reading","שמות, יתרו, Exodus, Shemot, Yitro","מפטיר, Maftir","בר מצווה, Bar Mitzvah, בת מצווה, Bat Mitzvah, אשכנז, Ashkenaz, לימוד תורה","קריאה בתורה, טעמי המקרא, טעמים, Torah Reading, שמות, יתרו, Exodus, Shemot, Yitro, מפטיר, Maftir, בר מצווה, Bar Mitzvah, בת מצווה, Bat Mitzvah, אשכנז, Ashkenaz, לימוד תורה",18,170,34.0%
21,יתרו,Exodus,parasha,162,הפטרה,9,"קריאה בתורה, טעמי המקרא, טעמים, Torah Reading","שמות, יתרו, Exodus, Shemot, Yitro","הפטרה, Haftara","בר מצווה, Bar Mitzvah, בת מצווה, Bat Mitzvah, אשכנז, Ashkenaz, לימוד תורה","קריאה בתורה, טעמי המקרא, טעמים, Torah Reading, שמות, יתרו, Exodus, Shemot, Yitro, הפטרה, Haftara, בר מצווה, Bar Mitzvah, בת מצווה, Bat Mitzvah, אשכנז, Ashkenaz, לימוד תורה",18,171,34.2%
22,משפטים,Exodus,parasha,163,ראשון,1,"קריאה בתורה, טעמי המקרא, טעמים, Torah Reading","שמות, משפטים, Exodus, Shemot, Mishpatim","ראשון, Rishon","בר מצווה, Bar Mitzvah, בת מצווה, Bat Mitzvah, אשכנז, Ashkenaz, לימוד תורה","קריאה בתורה, טעמי המקרא, טעמים, Torah Reading, שמות, משפטים, Exodus, Shemot, Mishpatim, ראשון, Rishon, בר מצווה, Bar Mitzvah, בת מצווה, Bat Mitzvah, אשכנז, Ashkenaz, לימוד תורה",18,176,35.2%
22,משפטים,Exodus,parasha,164,שני,2,"קריאה בתורה, טעמי המקרא, טעמים, Torah Reading","שמות, משפטים, Exodus, Shemot, Mishpatim","שני, Sheni","בר מצווה, Bar Mitzvah, בת מצווה, Bat Mitzvah, אשכנז, Ashkenaz, לימוד תורה","קריאה בתורה, טעמי המקרא, טעמים, Torah Reading, שמות, משפטים, Exodus, Shemot, Mishpatim, שני, Sheni, בר מצווה, Bar Mitzvah, בת מצווה, Bat Mitzvah, אשכנז, Ashkenaz, לימוד תורה",18,173,34.6%
22,משפטים,Exodus,parasha,165,שלישי,3,"קריאה בתורה, טעמי המקרא, טעמים, Torah Reading","שמות, משפטים, Exodus, Shemot, Mishpatim","שלישי, Shlishi","בר מצווה, Bar Mitzvah, בת מצווה, Bat Mitzvah, אשכנז, Ashkenaz, לימוד תורה","קריאה בתורה, טעמי המקרא, טעמים, Torah Reading, שמות, משפטים, Exodus, Shemot, Mishpatim, שלישי, Shlishi, בר מצווה, Bar Mitzvah, בת מצווה, Bat Mitzvah, אשכנז, Ashkenaz, לימוד תורה",18,177,35.4%
22,משפטים,Exodus,parasha,166,רביעי,4,"קריאה בתורה, טעמי המקרא, טעמים, Torah Reading","שמות, משפטים, Exodus, Shemot, Mishpatim","רביעי, Reviei","בר מצווה, Bar Mitzvah, בת מצווה, Bat Mitzvah, אשכנז, Ashkenaz, לימוד תורה","קריאה בתורה, טעמי המקרא, טעמים, Torah Reading, שמות, משפטים, Exodus, Shemot, Mishpatim, רביעי, Reviei, בר מצווה, Bar Mitzvah, בת מצווה, Bat Mitzvah, אשכנז, Ashkenaz, לימוד תורה",18,176,35.2%
22,משפטים,Exodus,parasha,167,חמישי,5,"קריאה בתורה, טעמי המקרא, טעמים, Torah Reading","שמות, משפטים, Exodus, Shemot, Mishpatim","חמישי, Chamishi","בר מצווה, Bar Mitzvah, בת מצווה, Bat Mitzvah, אשכנז, Ashkenaz, לימוד תורה","קריאה בתורה, טעמי המקרא, טעמים, Torah Reading, שמות, משפטים, Exodus, Shemot, Mishpatim, חמישי, Chamishi, בר מצווה, Bar Mitzvah, בת מצווה, Bat Mitzvah, אשכנז, Ashkenaz, לימוד תורה",18,178,35.6%
22,משפטים,Exodus,parasha,168,שישי,6,"קריאה בתורה, טעמי המקרא, טעמים, Torah Reading","שמות, משפטים, Exodus, Shemot, Mishpatim","שישי, Shishi","בר מצווה, Bar Mitzvah, בת מצווה, Bat Mitzvah, אשכנז, Ashkenaz, לימוד תורה","קריאה בתורה, טעמי המקרא, טעמים, Torah Reading, שמות, משפטים, Exodus, Shemot, Mishpatim, שישי, Shishi, בר מצווה, Bar Mitzvah, בת מצווה, Bat Mitzvah, אשכנז, Ashkenaz, לימוד תורה",18,175,35.0%
22,משפטים,Exodus,parasha,169,שביעי,7,"קריאה בתורה, טעמי המקרא, טעמים, Torah Reading","שמות, משפטים, Exodus, Shemot, Mishpatim","שביעי, Shevii","בר מצווה, Bar Mitzvah, בת מצווה, Bat Mitzvah, אשכנז, Ashkenaz, לימוד תורה","קריאה בתורה, טעמי המקרא, טעמים, Torah Reading, שמות, משפטים, Exodus, Shemot, Mishpatim, שביעי, Shevii, בר מצווה, Bar Mitzvah, בת מצווה, Bat Mitzvah, אשכנז, Ashkenaz, לימוד תורה",18,176,35.2%
22,משפטים,Exodus,parasha,170,מפטיר,8,"קריאה בתורה, טעמי המקרא, טעמים, Torah Reading","שמות, משפטים, Exodus, Shemot, Mishpatim","מפטיר, Maftir","בר מצווה, Bar Mitzvah, בת מצווה, Bat Mitzvah, אשכנז, Ashkenaz, לימוד תורה","קריאה בתורה, טעמי המקרא, טעמים, Torah Reading, שמות, משפטים, Exodus, Shemot, Mishpatim, מפטיר, Maftir, בר מצווה, Bar Mitzvah, בת מצווה, Bat Mitzvah, אשכנז, Ashkenaz, לימוד תורה",18,176,35.2%
22,משפטים,Exodus,parasha,171,הפטרה,9,"קריאה בתורה, טעמי המקרא, טעמים, Torah Reading","שמות, משפטים, Exodus, Shemot, Mishpatim","הפטרה, Haftara","בר מצווה, Bar Mitzvah, בת מצווה, Bat Mitzvah, אשכנז, Ashkenaz, לימוד תורה","קריאה בתורה, טעמי המקרא, טעמים, Torah Reading, שמות, משפטים, Exodus, Shemot, Mishpatim, הפטרה, Haftara, בר מצווה, Bar Mitzvah, בת מצווה, Bat Mitzvah, אשכנז, Ashkenaz, לימוד תורה",18,177,35.4%
23,תרומה,Exodus,parasha,172,ראשון,1,"קריאה בתורה, טעמי המקרא, טעמים, Torah Reading","שמות, תרומה, Exodus, Shemot, Terumah","ראשון, Rishon","בר מצווה, Bar Mitzvah, בת מצווה, Bat Mitzvah, אשכנז, Ashkenaz, לימוד תורה","קריאה בתורה, טעמי המקרא, טעמים, Torah Reading, שמות, תרומה, Exodus, Shemot, Terumah, ראשון, Rishon, בר מצווה, Bar Mitzvah, בת מצווה, Bat Mitzvah, אשכנז, Ashkenaz, לימוד תורה",18,173,34.6%
23,תרומה,Exodus,parasha,173,שני,2,"קריאה בתורה, טעמי המקרא, טעמים, Torah Reading","שמות, תרומה, Exodus, Shemot, Terumah","שני, Sheni","בר מצווה, Bar Mitzvah, בת מצווה, Bat Mitzvah, אשכנז, Ashkenaz, לימוד תורה","קריאה בתורה, טעמי המקרא, טעמים, Torah Reading, שמות, תרומה, Exodus, Shemot, Terumah, שני, Sheni, בר מצווה, Bar Mitzvah, בת מצווה, Bat Mitzvah, אשכנז, Ashkenaz, לימוד תורה",18,170,34.0%
23,תרומה,Exodus,parasha,174,שלישי,3,"קריאה בתורה, טעמי המקרא, טעמים, Torah Reading","שמות, תרומה, Exodus, Shemot, Terumah","שלישי, Shlishi","בר מצווה, Bar Mitzvah, בת מצווה, Bat Mitzvah, אשכנז, Ashkenaz, לימוד תורה","קריאה בתורה, טעמי המקרא, טעמים, Torah Reading, שמות, תרומה, Exodus, Shemot, Terumah, שלישי, Shlishi, בר מצווה, Bar Mitzvah, בת מצווה, Bat Mitzvah, אשכנז, Ashkenaz, לימוד תורה",18,174,34.8%
23,תרומה,Exodus,parasha,175,רביעי,4,"קריאה בתורה, טעמי המקרא, טעמים, Torah Reading","שמות, תרומה, Exodus, Shemot, Terumah","רביעי, Reviei","בר מצווה, Bar Mitzvah, בת מצווה, Bat Mitzvah, אשכנז, Ashkenaz, לימוד תורה","קריאה בתורה, טעמי המקרא, טעמים, Torah Reading, שמות, תרומה, Exodus, Shemot, Terumah, רביעי, Reviei, בר מצווה, Bar Mitzvah, בת מצווה, Bat Mitzvah, אשכנז, Ashkenaz, לימוד תורה",18,173,34.6%
23,תרומה,Exodus,parasha,176,חמישי,5,"קריאה בתורה, טעמי המקרא, טעמים, Torah Reading","שמות, תרומה, Exodus, Shemot, Terumah","חמישי, Chamishi","בר מצווה, Bar Mitzvah, בת מצווה, Bat Mitzvah, אשכנז, Ashkenaz, לימוד תורה","קריאה בתורה, טעמי המקרא, טעמים, Torah Reading, שמות, תרומה, Exodus, Shemot, Terumah, חמישי, Chamishi, בר מצווה, Bar Mitzvah, בת מצווה, Bat Mitzvah, אשכנז, Ashkenaz, לימוד תורה",18,175,35.0%
23,תרומה,Exodus,parasha,177,שישי,6,"קריאה בתורה, טעמי המקרא, טעמים, Torah Reading","שמות, תרומה, Exodus, Shemot, Terumah","שישי, Shishi","בר מצווה, Bar Mitzvah, בת מצווה, Bat Mitzvah, אשכנז, Ashkenaz, לימוד תורה","קריאה בתורה, טעמי המקרא, טעמים, Torah Reading, שמות, תרומה, Exodus, Shemot, Terumah, שישי, Shishi, בר מצווה, Bar Mitzvah, בת מצווה, Bat Mitzvah, אשכנז, Ashkenaz, לימוד תורה",18,172,34.4%
23,תרומה,Exodus,parasha,178,שביעי,7,"קריאה בתורה, טעמי המקרא, טעמים, Torah Reading","שמות, תרומה, Exodus, Shemot, Terumah","שביעי, Shevii","בר מצווה, Bar Mitzvah, בת מצווה, Bat Mitzvah, אשכנז, Ashkenaz, לימוד תורה","קריאה בתורה, טעמי המקרא, טעמים, Torah Reading, שמות, תרומה, Exodus, Shemot, Terumah, שביעי, Shevii, בר מצווה, Bar Mitzvah, בת מצווה, Bat Mitzvah, אשכנז, Ashkenaz, לימוד תורה",18,173,34.6%
23,תרומה,Exodus,parasha,179,מפטיר,8,"קריאה בתורה, טעמי המקרא, טעמים, Torah Reading","שמות, תרומה, Exodus, Shemot, Terumah","מפטיר, Maftir","בר מצווה, Bar Mitzvah, בת מצווה, Bat Mitzvah, אשכנז, Ashkenaz, לימוד תורה","קריאה בתורה, טעמי המקרא, טעמים, Torah Reading, שמות, תרומה, Exodus, Shemot, Terumah, מפטיר, Maftir, בר מצווה, Bar Mitzvah, בת מצווה, Bat Mitzvah, אשכנז, Ashkenaz, לימוד תורה",18,173,34.6%
23,תרומה,Exodus,parasha,180,הפטרה,9,"קריאה בתורה, טעמי המקרא, טעמים, Torah Reading","שמות, תרומה, Exodus, Shemot, Terumah","הפטרה, Haftara","בר מצווה, Bar Mitzvah, בת מצווה, Bat Mitzvah, אשכנז, Ashkenaz, לימוד תורה","קריאה בתורה, טעמי המקרא, טעמים, Torah Reading, שמות, תרומה, Exodus, Shemot, Terumah, הפטרה, Haftara, בר מצווה, Bar Mitzvah, בת מצווה, Bat Mitzvah, אשכנז, Ashkenaz, לימוד תורה",18,174,34.8%
24,תצוה,Exodus,parasha,181,ראשון,1,"קריאה בתורה, טעמי המקרא, טעמים, Torah Reading","שמות, תצוה, Exodus, Shemot, Tetzaveh","ראשון, Rishon","בר מצווה, Bar Mitzvah, בת מצווה, Bat Mitzvah, אשכנז, Ashkenaz, לימוד תורה","קריאה בתורה, טעמי המקרא, טעמים, Torah Reading, שמות, תצוה, Exodus, Shemot, Tetzaveh, ראשון, Rishon, בר מצווה, Bar Mitzvah, בת מצווה, Bat Mitzvah, אשכנז, Ashkenaz, לימוד תורה",18,173,34.6%
24,תצוה,Exodus,parasha,182,שני,2,"קריאה בתורה, טעמי המקרא, טעמים, Torah Reading","שמות, תצוה, Exodus, Shemot, Tetzaveh","שני, Sheni","בר מצווה, Bar Mitzvah, בת מצווה, Bat Mitzvah, אשכנז, Ashkenaz, לימוד תורה","קריאה בתורה, טעמי המקרא, טעמים, Torah Reading, שמות, תצוה, Exodus, Shemot, Tetzaveh, שני, Sheni, בר מצווה, Bar Mitzvah, בת מצווה, Bat Mitzvah, אשכנז, Ashkenaz, לימוד תורה",18,170,34.0%
24,תצוה,Exodus,parasha,183,שלישי,3,"קריאה בתורה, טעמי המקרא, טעמים, Torah Reading","שמות, תצוה, Exodus, Shemot, Tetzaveh","שלישי, Shlishi","בר מצווה, Bar Mitzvah, בת מצווה, Bat Mitzvah, אשכנז, Ashkenaz, לימוד תורה","קריאה בתורה, טעמי המקרא, טעמים, Torah Reading, שמות, תצוה, Exodus, Shemot, Tetzaveh, שלישי, Shlishi, בר מצווה, Bar Mitzvah, בת מצווה, Bat Mitzvah, אשכנז, Ashkenaz, לימוד תורה",18,174,34.8%
24,תצוה,Exodus,parasha,184,רביעי,4,"קריאה בתורה, טעמי המקרא, טעמים, Torah Reading","שמות, תצוה, Exodus, Shemot, Tetzaveh","רביעי, Reviei","בר מצווה, Bar Mitzvah, בת מצווה, Bat Mitzvah, אשכנז, Ashkenaz, לימוד תורה","קריאה בתורה, טעמי המקרא, טעמים, Torah Reading, שמות, תצוה, Exodus, Shemot, Tetzaveh, רביעי, Reviei, בר מצווה, Bar Mitzvah, בת מצווה, Bat Mitzvah, אשכנז, Ashkenaz, לימוד תורה",18,173,34.6%
24,תצוה,Exodus,parasha,185,חמישי,5,"קריאה בתורה, טעמי המקרא, טעמים, Torah Reading","שמות, תצוה, Exodus, Shemot, Tetzaveh","חמישי, Chamishi","בר מצווה, Bar Mitzvah, בת מצווה, Bat Mitzvah, אשכנז, Ashkenaz, לימוד תורה","קריאה בתורה, טעמי המקרא, טעמים, Torah Reading, שמות, תצוה, Exodus, Shemot, Tetzaveh, חמישי, Chamishi, בר מצווה, Bar Mitzvah, בת מצווה, Bat Mitzvah, אשכנז, Ashkenaz, לימוד תורה",18,175,35.0%
24,תצוה,Exodus,parasha,186,שישי,6,"קריאה בתורה, טעמי המקרא, טעמים, Torah Reading","שמות, תצוה, Exodus, Shemot, Tetzaveh","שישי, Shishi","בר מצווה, Bar Mitzvah, בת מצווה, Bat Mitzvah, אשכנז, Ashkenaz, לימוד תורה","קריאה בתורה, טעמי המקרא, טעמים, Torah Reading, שמות, תצוה, Exodus, Shemot, Tetzaveh, שישי, Shishi, בר מצווה, Bar Mitzvah, בת מצווה, Bat Mitzvah, אשכנז, Ashkenaz, לימוד תורה",18,172,34.4%
24,תצוה,Exodus,parasha,187,שביעי,7,"קריאה בתורה, טעמי המקרא, טעמים, Torah Reading","שמות, תצוה, Exodus, Shemot, Tetzaveh","שביעי, Shevii","בר מצווה, Bar Mitzvah, בת מצווה, Bat Mitzvah, אשכנז, Ashkenaz, לימוד תורה","קריאה בתורה, טעמי המקרא, טעמים, Torah Reading, שמות, תצוה, Exodus, Shemot, Tetzaveh, שביעי, Shevii, בר מצווה, Bar Mitzvah, בת מצווה, Bat Mitzvah, אשכנז, Ashkenaz, לימוד תורה",18,173,34.6%
24,תצוה,Exodus,parasha,188,מפטיר,8,"קריאה בתורה, טעמי המקרא, טעמים, Torah Reading","שמות, תצוה, Exodus, Shemot, Tetzaveh","מפטיר, Maftir","בר מצווה, Bar Mitzvah, בת מצווה, Bat Mitzvah, אשכנז, Ashkenaz, לימוד תורה","קריאה בתורה, טעמי המקרא, טעמים, Torah Reading, שמות, תצוה, Exodus, Shemot, Tetzaveh, מפטיר, Maftir, בר מצווה, Bar Mitzvah, בת מצווה, Bat Mitzvah, אשכנז, Ashkenaz, לימוד תורה",18,173,34.6%
24,תצוה,Exodus,parasha,189,הפטרה,9,"קריאה בתורה, טעמי המקרא, טעמים, Torah Reading","שמות, תצוה, Exodus, Shemot, Tetzaveh","הפטרה, Haftara","בר מצווה, Bar Mitzvah, בת מצווה, Bat Mitzvah, אשכנז, Ashkenaz, לימוד תורה","קריאה בתורה, טעמי המקרא, טעמים, Torah Reading, שמות, תצוה, Exodus, Shemot, Tetzaveh, הפטרה, Haftara, בר מצווה, Bar Mitzvah, בת מצווה, Bat Mitzvah, אשכנז, Ashkenaz, לימוד תורה",18,174,34.8%
25,כי תשא,Exodus,parasha,190,ראשון,1,"קריאה בתורה, טעמי המקרא, טעמים, Torah Reading","שמות, כי תשא, Exodus, Shemot, Ki Tisa","ראשון, Rishon","בר מצווה, Bar Mitzvah, בת מצווה, Bat Mitzvah, אשכנז, Ashkenaz, לימוד תורה","קריאה בתורה, טעמי המקרא, טעמים, Torah Reading, שמות, כי תשא, Exodus, Shemot, Ki Tisa, ראשון, Rishon, בר מצווה, Bar Mitzvah, בת מצווה, Bat Mitzvah, אשכנז, Ashkenaz, לימוד תורה",18,174,34.8%
25,כי תשא,Exodus,parasha,191,שני,2,"קריאה בתורה, טעמי המקרא, טעמים, Torah Reading","שמות, כי תשא, Exodus, Shemot, Ki Tisa","שני, Sheni","בר מצווה, Bar Mitzvah, בת מצווה, Bat Mitzvah, אשכנז, Ashkenaz, לימוד תורה","קריאה בתורה, טעמי המקרא, טעמים, Torah Reading, שמות, כי תשא, Exodus, Shemot, Ki Tisa, שני, Sheni, בר מצווה, Bar Mitzvah, בת מצווה, Bat Mitzvah, אשכנז, Ashkenaz, לימוד תורה",18,171,34.2%
25,כי תשא,Exodus,parasha,192,שלישי,3,"קריאה בתורה, טעמי המקרא, טעמים, Torah Reading","שמות, כי תשא, Exodus, Shemot, Ki Tisa","שלישי, Shlishi","בר מצווה, Bar Mitzvah, בת מצווה, Bat Mitzvah, אשכנז, Ashkenaz, לימוד תורה","קריאה בתורה, טעמי המקרא, טעמים, Torah Reading, שמות, כי תשא, Exodus, Shemot, Ki Tisa, שלישי, Shlishi, בר מצווה, Bar Mitzvah, בת מצווה, Bat Mitzvah, אשכנז, Ashkenaz, לימוד תורה",18,175,35.0%
25,כי תשא,Exodus,parasha,193,רביעי,4,"קריאה בתורה, טעמי המקרא, טעמים, Torah Reading","שמות, כי תשא, Exodus, Shemot, Ki Tisa","רביעי, Reviei","בר מצווה, Bar Mitzvah, בת מצווה, Bat Mitzvah, אשכנז, Ashkenaz, לימוד תורה","קריאה בתורה, טעמי המקרא, טעמים, Torah Reading, שמות, כי תשא, Exodus, Shemot, Ki Tisa, רביעי, Reviei, בר מצווה, Bar Mitzvah, בת מצווה, Bat Mitzvah, אשכנז, Ashkenaz, לימוד תורה",18,174,34.8%
25,כי תשא,Exodus,parasha,194,חמישי,5,"קריאה בתורה, טעמי המקרא, טעמים, Torah Reading","שמות, כי תשא, Exodus, Shemot, Ki Tisa","חמישי, Chamishi","בר מצווה, Bar Mitzvah, בת מצווה, Bat Mitzvah, אשכנז, Ashkenaz, לימוד תורה","קריאה בתורה, טעמי המקרא, טעמים, Torah Reading, שמות, כי תשא, Exodus, Shemot, Ki Tisa, חמישי, Chamishi, בר מצווה, Bar Mitzvah, בת מצווה, Bat Mitzvah, אשכנז, Ashkenaz, לימוד תורה",18,176,35.2%
25,כי תשא,Exodus,parasha,195,שישי,6,"קריאה בתורה, טעמי המקרא, טעמים, Torah Reading","שמות, כי תשא, Exodus, Shemot, Ki Tisa","שישי, Shishi","בר מצווה, Bar Mitzvah, בת מצווה, Bat Mitzvah, אשכנז, Ashkenaz, לימוד תורה","קריאה בתורה, טעמי המקרא, טעמים, Torah Reading, שמות, כי תשא, Exodus, Shemot, Ki Tisa, שישי, Shishi, בר מצווה, Bar Mitzvah, בת מצווה, Bat Mitzvah, אשכנז, Ashkenaz, לימוד תורה",18,173,34.6%
25,כי תשא,Exodus,parasha,196,שביעי,7,"קריאה בתורה, טעמי המקרא, טעמים, Torah Reading","שמות, כי תשא, Exodus, Shemot, Ki Tisa","שביעי, Shevii","בר מצווה, Bar Mitzvah, בת מצווה, Bat Mitzvah, אשכנז, Ashkenaz, לימוד תורה","קריאה בתורה, טעמי המקרא, טעמים, Torah Reading, שמות, כי תשא, Exodus, Shemot, Ki Tisa, שביעי, Shevii, בר מצווה, Bar Mitzvah, בת מצווה, Bat Mitzvah, אשכנז, Ashkenaz, לימוד תורה",18,174,34.8%
25,כי תשא,Exodus,parasha,197,מפטיר,8,"קריאה בתורה, טעמי המקרא, טעמים, Torah Reading","שמות, כי תשא, Exodus, Shemot, Ki Tisa","מפטיר, Maftir","בר מצווה, Bar Mitzvah, בת מצווה, Bat Mitzvah, אשכנז, Ashkenaz, לימוד תורה","קריאה בתורה, טעמי המקרא, טעמים, Torah Reading, שמות, כי תשא, Exodus, Shemot, Ki Tisa, מפטיר, Maftir, בר מצווה, Bar Mitzvah, בת מצווה, Bat Mitzvah, אשכנז, Ashkenaz, לימוד תורה",18,174,34.8%
25,כי תשא,Exodus,parasha,198,הפטרה,9,"קריאה בתורה, טעמי המקרא, טעמים, Torah Reading","שמות, כי תשא, Exodus, Shemot, Ki Tisa","הפטרה, Haftara","בר מצווה, Bar Mitzvah, בת מצווה, Bat Mitzvah, אשכנז, Ashkenaz, לימוד תורה","קריאה בתורה, טעמי המקרא, טעמים, Torah Reading, שמות, כי תשא, Exodus, Shemot, Ki Tisa, הפטרה, Haftara, בר מצווה, Bar Mitzvah, בת מצווה, Bat Mitzvah, אשכנז, Ashkenaz, לימוד תורה",18,175,35.0%
26,ויקהל,Exodus,parasha,199,ראשון,1,"קריאה בתורה, טעמי המקרא, טעמים, Torah Reading","שמות, ויקהל, Exodus, Shemot, Vayakhel","ראשון, Rishon","בר מצווה, Bar Mitzvah, בת מצווה, Bat Mitzvah, אשכנז, Ashkenaz, לימוד תורה","קריאה בתורה, טעמי המקרא, טעמים, Torah Reading, שמות, ויקהל, Exodus, Shemot, Vayakhel, ראשון, Rishon, בר מצווה, Bar Mitzvah, בת מצווה, Bat Mitzvah, אשכנז, Ashkenaz, לימוד תורה",18,174,34.8%
26,ויקהל,Exodus,parasha,200,שני,2,"קריאה בתורה, טעמי המקרא, טעמים, Torah Reading","שמות, ויקהל, Exodus, Shemot, Vayakhel","שני, Sheni","בר מצווה, Bar Mitzvah, בת מצווה, Bat Mitzvah, אשכנז, Ashkenaz, לימוד תורה","קריאה בתורה, טעמי המקרא, טעמים, Torah Reading, שמות, ויקהל, Exodus, Shemot, Vayakhel, שני, Sheni, בר מצווה, Bar Mitzvah, בת מצווה, Bat Mitzvah, אשכנז, Ashkenaz, לימוד תורה",18,171,34.2%
26,ויקהל,Exodus,parasha,201,שלישי,3,"קריאה בתורה, טעמי המקרא, טעמים, Torah Reading","שמות, ויקהל, Exodus, Shemot, Vayakhel","שלישי, Shlishi","בר מצווה, Bar Mitzvah, בת מצווה, Bat Mitzvah, אשכנז, Ashkenaz, לימוד תורה","קריאה בתורה, טעמי המקרא, טעמים, Torah Reading, שמות, ויקהל, Exodus, Shemot, Vayakhel, שלישי, Shlishi, בר מצווה, Bar Mitzvah, בת מצווה, Bat Mitzvah, אשכנז, Ashkenaz, לימוד תורה",18,175,35.0%
26,ויקהל,Exodus,parasha,202,רביעי,4,"קריאה בתורה, טעמי המקרא, טעמים, Torah Reading","שמות, ויקהל, Exodus, Shemot, Vayakhel","רביעי, Reviei","בר מצווה, Bar Mitzvah, בת מצווה, Bat Mitzvah, אשכנז, Ashkenaz, לימוד תורה","קריאה בתורה, טעמי המקרא, טעמים, Torah Reading, שמות, ויקהל, Exodus, Shemot, Vayakhel, רביעי, Reviei, בר מצווה, Bar Mitzvah, בת מצווה, Bat Mitzvah, אשכנז, Ashkenaz, לימוד תורה",18,174,34.8%
26,ויקהל,Exodus,parasha,203,חמישי,5,"קריאה בתורה, טעמי המקרא, טעמים, Torah Reading","שמות, ויקהל, Exodus, Shemot, Vayakhel","חמישי, Chamishi","בר מצווה, Bar Mitzvah, בת מצווה, Bat Mitzvah, אשכנז, Ashkenaz, לימוד תורה","קריאה בתורה, טעמי המקרא, טעמים, Torah Reading, שמות, ויקהל, Exodus, Shemot, Vayakhel, חמישי, Chamishi, בר מצווה, Bar Mitzvah, בת מצווה, Bat Mitzvah, אשכנז, Ashkenaz, לימוד תורה",18,176,35.2%
26,ויקהל,Exodus,parasha,204,שישי,6,"קריאה בתורה, טעמי המקרא, טעמים, Torah Reading","שמות, ויקהל, Exodus, Shemot, Vayakhel","שישי, Shishi","בר מצווה, Bar Mitzvah, בת מצווה, Bat Mitzvah, אשכנז, Ashkenaz, לימוד תורה","קריאה בתורה, טעמי המקרא, טעמים, Torah Reading, שמות, ויקהל, Exodus, Shemot, Vayakhel, שישי, Shishi, בר מצווה, Bar Mitzvah, בת מצווה, Bat Mitzvah, אשכנז, Ashkenaz, לימוד תורה",18,173,34.6%
26,ויקהל,Exodus,parasha,205,שביעי,7,"קריאה בתורה, טעמי המקרא, טעמים, Torah Reading","שמות, ויקהל, Exodus, Shemot, Vayakhel","שביעי, Shevii","בר מצווה, Bar Mitzvah, בת מצווה, Bat Mitzvah, אשכנז, Ashkenaz, לימוד תורה","קריאה בתורה, טעמי המקרא, טעמים, Torah Reading, שמות, ויקהל, Exodus, Shemot, Vayakhel, שביעי, Shevii, בר מצווה, Bar Mitzvah, בת מצווה, Bat Mitzvah, אשכנז, Ashkenaz, לימוד תורה",18,174,34.8%
26,ויקהל,Exodus,parasha,206,מפטיר,8,"קריאה בתורה, טעמי המקרא, טעמים, Torah Reading","שמות, ויקהל, Exodus, Shemot, Vayakhel","מפטיר, Maftir","בר מצווה, Bar Mitzvah, בת מצווה, Bat Mitzvah, אשכנז, Ashkenaz, לימוד תורה","קריאה בתורה, טעמי המקרא, טעמים, Torah Reading, שמות, ויקהל, Exodus, Shemot, Vayakhel, מפטיר, Maftir, בר מצווה, Bar Mitzvah, בת מצווה, Bat Mitzvah, אשכנז, Ashkenaz, לימוד תורה",18,174,34.8%
26,ויקהל,Exodus,parasha,207,הפטרה,9,"קריאה בתורה, טעמי המקרא, טעמים, Torah Reading","שמות, ויקהל, Exodus, Shemot, Vayakhel","הפטרה, Haftara","בר מצווה, Bar Mitzvah, בת מצווה, Bat Mitzvah, אשכנז, Ashkenaz, לימוד תורה","קריאה בתורה, טעמי המקרא, טעמים, Torah Reading, שמות, ויקהל, Exodus, Shemot, Vayakhel, הפטרה, Haftara, בר מצווה, Bar Mitzvah, בת מצווה, Bat Mitzvah, אשכנז, Ashkenaz, לימוד תורה",18,175,35.0%
27,פקודי,Exodus,parasha,208,ראשון,1,"קריאה בתורה, טעמי המקרא, טעמים, Torah Reading","שמות, פקודי, Exodus, Shemot, Pekudei","ראשון, Rishon","בר מצווה, Bar Mitzvah, בת מצווה, Bat Mitzvah, אשכנז, Ashkenaz, לימוד תורה","קריאה בתורה, טעמי המקרא, טעמים, Torah Reading, שמות, פקודי, Exodus, Shemot, Pekudei, ראשון, Rishon, בר מצווה, Bar Mitzvah, בת מצווה, Bat Mitzvah, אשכנז, Ashkenaz, לימוד תורה",18,173,34.6%
27,פקודי,Exodus,parasha,209,שני,2,"קריאה בתורה, טעמי המקרא, טעמים, Torah Reading","שמות, פקודי, Exodus, Shemot, Pekudei","שני, Sheni","בר מצווה, Bar Mitzvah, בת מצווה, Bat Mitzvah, אשכנז, Ashkenaz, לימוד תורה","קריאה בתורה, טעמי המקרא, טעמים, Torah Reading, שמות, פקודי, Exodus, Shemot, Pekudei, שני, Sheni, בר מצווה, Bar Mitzvah, בת מצווה, Bat Mitzvah, אשכנז, Ashkenaz, לימוד תורה",18,170,34.0%
27,פקודי,Exodus,parasha,210,שלישי,3,"קריאה בתורה, טעמי המקרא, טעמים, Torah Reading","שמות, פקודי, Exodus, Shemot, Pekudei","שלישי, Shlishi","בר מצווה, Bar Mitzvah, בת מצווה, Bat Mitzvah, אשכנז, Ashkenaz, לימוד תורה","קריאה בתורה, טעמי המקרא, טעמים, Torah Reading, שמות, פקודי, Exodus, Shemot, Pekudei, שלישי, Shlishi, בר מצווה, Bar Mitzvah, בת מצווה, Bat Mitzvah, אשכנז, Ashkenaz, לימוד תורה",18,174,34.8%
27,פקודי,Exodus,parasha,211,רביעי,4,"קריאה בתורה, טעמי המקרא, טעמים, Torah Reading","שמות, פקודי, Exodus, Shemot, Pekudei","רביעי, Reviei","בר מצווה, Bar Mitzvah, בת מצווה, Bat Mitzvah, אשכנז, Ashkenaz, לימוד תורה","קריאה בתורה, טעמי המקרא, טעמים, Torah Reading, שמות, פקודי, Exodus, Shemot, Pekudei, רביעי, Reviei, בר מצווה, Bar Mitzvah, בת מצווה, Bat Mitzvah, אשכנז, Ashkenaz, לימוד תורה",18,173,34.6%
27,פקודי,Exodus,parasha,212,חמישי,5,"קריאה בתורה, טעמי המקרא, טעמים, Torah Reading","שמות, פקודי, Exodus, Shemot, Pekudei","חמישי, Chamishi","בר מצווה, Bar Mitzvah, בת מצווה, Bat Mitzvah, אשכנז, Ashkenaz, לימוד תורה","קריאה בתורה, טעמי המקרא, טעמים, Torah Reading, שמות, פקודי, Exodus, Shemot, Pekudei, חמישי, Chamishi, בר מצווה, Bar Mitzvah, בת מצווה, Bat Mitzvah, אשכנז, Ashkenaz, לימוד תורה",18,175,35.0%
27,פקודי,Exodus,parasha,213,שישי,6,"קריאה בתורה, טעמי המקרא, טעמים, Torah Reading","שמות, פקודי, Exodus, Shemot, Pekudei","שישי, Shishi","בר מצווה, Bar Mitzvah, בת מצווה, Bat Mitzvah, אשכנז, Ashkenaz, לימוד תורה","קריאה בתורה, טעמי המקרא, טעמים, Torah Reading, שמות, פקודי, Exodus, Shemot, Pekudei, שישי, Shishi, בר מצווה, Bar Mitzvah, בת מצווה, Bat Mitzvah, אשכנז, Ashkenaz, לימוד תורה",18,172,34.4%
27,פקודי,Exodus,parasha,214,שביעי,7,"קריאה בתורה, טעמי המקרא, טעמים, Torah Reading","שמות, פקודי, Exodus, Shemot, Pekudei","שביעי, Shevii","בר מצווה, Bar Mitzvah, בת מצווה, Bat Mitzvah, אשכנז, Ashkenaz, לימוד תורה","קריאה בתורה, טעמי המקרא, טעמים, Torah Reading, שמות, פקודי, Exodus, Shemot, Pekudei, שביעי, Shevii, בר מצווה, Bar Mitzvah, בת מצווה, Bat Mitzvah, אשכנז, Ashkenaz, לימוד תורה",18,173,34.6%
27,פקודי,Exodus,parasha,215,מפטיר,8,"קריאה בתורה, טעמי המקרא, טעמים, Torah Reading","שמות, פקודי, Exodus, Shemot, Pekudei","מפטיר, Maftir","בר מצווה, Bar Mitzvah, בת מצווה, Bat Mitzvah, אשכנז, Ashkenaz, לימוד תורה","קריאה בתורה, טעמי המקרא, טעמים, Torah Reading, שמות, פקודי, Exodus, Shemot, Pekudei, מפטיר, Maftir, בר מצווה, Bar Mitzvah, בת מצווה, Bat Mitzvah, אשכנז, Ashkenaz, לימוד תורה",18,173,34.6%
27,פקודי,Exodus,parasha,216,הפטרה,9,"קריאה בתורה, טעמי המקרא, טעמים, Torah Reading","שמות, פקודי, Exodus, Shemot, Pekudei","הפטרה, Haftara","בר מצווה, Bar Mitzvah, בת מצווה, Bat Mitzvah, אשכנז, Ashkenaz, לימוד תורה","קריאה בתורה, טעמי המקרא, טעמים, Torah Reading, שמות, פקודי, Exodus, Shemot, Pekudei, הפטרה, Haftara, בר מצווה, Bar Mitzvah, בת מצווה, Bat Mitzvah, אשכנז, Ashkenaz, לימוד תורה",18,174,34.8%
28,ויקרא,Leviticus,parasha,217,ראשון,1,"קריאה בתורה, טעמי המקרא, טעמים, Torah Reading","ויקרא, ויקרא, Leviticus, Vayikra, Vayikra","ראשון, Rishon","בר מצווה, Bar Mitzvah, בת מצווה, Bat Mitzvah, אשכנז, Ashkenaz, לימוד תורה","קריאה בתורה, טעמי המקרא, טעמים, Torah Reading, ויקרא, ויקרא, Leviticus, Vayikra, Vayikra, ראשון, Rishon, בר מצווה, Bar Mitzvah, בת מצווה, Bat Mitzvah, אשכנז, Ashkenaz, לימוד תורה",18,178,35.6%
28,ויקרא,Leviticus,parasha,218,שני,2,"קריאה בתורה, טעמי המקרא, טעמים, Torah Reading","ויקרא, ויקרא, Leviticus, Vayikra, Vayikra","שני, Sheni","בר מצווה, Bar Mitzvah, בת מצווה, Bat Mitzvah, אשכנז, Ashkenaz, לימוד תורה","קריאה בתורה, טעמי המקרא, טעמים, Torah Reading, ויקרא, ויקרא, Leviticus, Vayikra, Vayikra, שני, Sheni, בר מצווה, Bar Mitzvah, בת מצווה, Bat Mitzvah, אשכנז, Ashkenaz, לימוד תורה",18,175,35.0%
28,ויקרא,Leviticus,parasha,219,שלישי,3,"קריאה בתורה, טעמי המקרא, טעמים, Torah Reading","ויקרא, ויקרא, Leviticus, Vayikra, Vayikra","שלישי, Shlishi","בר מצווה, Bar Mitzvah, בת מצווה, Bat Mitzvah, אשכנז, Ashkenaz, לימוד תורה","קריאה בתורה, טעמי המקרא, טעמים, Torah Reading, ויקרא, ויקרא, Leviticus, Vayikra, Vayikra, שלישי, Shlishi, בר מצווה, Bar Mitzvah, בת מצווה, Bat Mitzvah, אשכנז, Ashkenaz, לימוד תורה",18,179,35.8%
28,ויקרא,Leviticus,parasha,220,רביעי,4,"קריאה בתורה, טעמי המקרא, טעמים, Torah Reading","ויקרא, ויקרא, Leviticus, Vayikra, Vayikra","רביעי, Reviei","בר מצווה, Bar Mitzvah, בת מצווה, Bat Mitzvah, אשכנז, Ashkenaz, לימוד תורה","קריאה בתורה, טעמי המקרא, טעמים, Torah Reading, ויקרא, ויקרא, Leviticus, Vayikra, Vayikra, רביעי, Reviei, בר מצווה, Bar Mitzvah, בת מצווה, Bat Mitzvah, אשכנז, Ashkenaz, לימוד תורה",18,178,35.6%
28,ויקרא,Leviticus,parasha,221,חמישי,5,"קריאה בתורה, טעמי המקרא, טעמים, Torah Reading","ויקרא, ויקרא, Leviticus, Vayikra, Vayikra","חמישי, Chamishi","בר מצווה, Bar Mitzvah, בת מצווה, Bat Mitzvah, אשכנז, Ashkenaz, לימוד תורה","קריאה בתורה, טעמי המקרא, טעמים, Torah Reading, ויקרא, ויקרא, Leviticus, Vayikra, Vayikra, חמישי, Chamishi, בר מצווה, Bar Mitzvah, בת מצווה, Bat Mitzvah, אשכנז, Ashkenaz, לימוד תורה",18,180,36.0%
28,ויקרא,Leviticus,parasha,222,שישי,6,"קריאה בתורה, טעמי המקרא, טעמים, Torah Reading","ויקרא, ויקרא, Leviticus, Vayikra, Vayikra","שישי, Shishi","בר מצווה, Bar Mitzvah, בת מצווה, Bat Mitzvah, אשכנז, Ashkenaz, לימוד תורה","קריאה בתורה, טעמי המקרא, טעמים, Torah Reading, ויקרא, ויקרא, Leviticus, Vayikra, Vayikra, שישי, Shishi, בר מצווה, Bar Mitzvah, בת מצווה, Bat Mitzvah, אשכנז, Ashkenaz, לימוד תורה",18,177,35.4%
28,ויקרא,Leviticus,parasha,223,שביעי,7,"קריאה בתורה, טעמי המקרא, טעמים, Torah Reading","ויקרא, ויקרא, Leviticus, Vayikra, Vayikra","שביעי, Shevii","בר מצווה, Bar Mitzvah, בת מצווה, Bat Mitzvah, אשכנז, Ashkenaz, לימוד תורה","קריאה בתורה, טעמי המקרא, טעמים, Torah Reading, ויקרא, ויקרא, Leviticus, Vayikra, Vayikra, שביעי, Shevii, בר מצווה, Bar Mitzvah, בת מצווה, Bat Mitzvah, אשכנז, Ashkenaz, לימוד תורה",18,178,35.6%
28,ויקרא,Leviticus,parasha,224,מפטיר,8,"קריאה בתורה, טעמי המקרא, טעמים, Torah Reading","ויקרא, ויקרא, Leviticus, Vayikra, Vayikra","מפטיר, Maftir","בר מצווה, Bar Mitzvah, בת מצווה, Bat Mitzvah, אשכנז, Ashkenaz, לימוד תורה","קריאה בתורה, טעמי המקרא, טעמים, Torah Reading, ויקרא, ויקרא, Leviticus, Vayikra, Vayikra, מפטיר, Maftir, בר מצווה, Bar Mitzvah, בת מצווה, Bat Mitzvah, אשכנז, Ashkenaz, לימוד תורה",18,178,35.6%
28,ויקרא,Leviticus,parasha,225,הפטרה,9,"קריאה בתורה, טעמי המקרא, טעמים, Torah Reading","ויקרא, ויקרא, Leviticus, Vayikra, Vayikra","הפטרה, Haftara","בר מצווה, Bar Mitzvah, בת מצווה, Bat Mitzvah, אשכנז, Ashkenaz, לימוד תורה","קריאה בתורה, טעמי המקרא, טעמים, Torah Reading, ויקרא, ויקרא, Leviticus, Vayikra, Vayikra, הפטרה, Haftara, בר מצווה, Bar Mitzvah, בת מצווה, Bat Mitzvah, אשכנז, Ashkenaz, לימוד תורה",18,179,35.8%
29,צו,Leviticus,parasha,226,ראשון,1,"קריאה בתורה, טעמי המקרא, טעמים, Torah Reading","ויקרא, צו, Leviticus, Vayikra, Tzav","ראשון, Rishon","בר מצווה, Bar Mitzvah, בת מצווה, Bat Mitzvah, אשכנז, Ashkenaz, לימוד תורה","קריאה בתורה, טעמי המקרא, טעמים, Torah Reading, ויקרא, צו, Leviticus, Vayikra, Tzav, ראשון, Rishon, בר מצווה, Bar Mitzvah, בת מצווה, Bat Mitzvah, אשכנז, Ashkenaz, לימוד תורה",18,172,34.4%
29,צו,Leviticus,parasha,227,שני,2,"קריאה בתורה, טעמי המקרא, טעמים, Torah Reading","ויקרא, צו, Leviticus, Vayikra, Tzav","שני, Sheni","בר מצווה, Bar Mitzvah, בת מצווה, Bat Mitzvah, אשכנז, Ashkenaz, לימוד תורה","קריאה בתורה, טעמי המקרא, טעמים, Torah Reading, ויקרא, צו, Leviticus, Vayikra, Tzav, שני, Sheni, בר מצווה, Bar Mitzvah, בת מצווה, Bat Mitzvah, אשכנז, Ashkenaz, לימוד תורה",18,169,33.8%
29,צו,Leviticus,parasha,228,שלישי,3,"קריאה בתורה, טעמי המקרא, טעמים, Torah Reading","ויקרא, צו, Leviticus, Vayikra, Tzav","שלישי, Shlishi","בר מצווה, Bar Mitzvah, בת מצווה, Bat Mitzvah, אשכנז, Ashkenaz, לימוד תורה","קריאה בתורה, טעמי המקרא, טעמים, Torah Reading, ויקרא, צו, Leviticus, Vayikra, Tzav, שלישי, Shlishi, בר מצווה, Bar Mitzvah, בת מצווה, Bat Mitzvah, אשכנז, Ashkenaz, לימוד תורה",18,173,34.6%
29,צו,Leviticus,parasha,229,רביעי,4,"קריאה בתורה, טעמי המקרא, טעמים, Torah Reading","ויקרא, צו, Leviticus, Vayikra, Tzav","רביעי, Reviei","בר מצווה, Bar Mitzvah, בת מצווה, Bat Mitzvah, אשכנז, Ashkenaz, לימוד תורה","קריאה בתורה, טעמי המקרא, טעמים, Torah Reading, ויקרא, צו, Leviticus, Vayikra, Tzav, רביעי, Reviei, בר מצווה, Bar Mitzvah, בת מצווה, Bat Mitzvah, אשכנז, Ashkenaz, לימוד תורה",18,172,34.4%
29,צו,Leviticus,parasha,230,חמישי,5,"קריאה בתורה, טעמי המקרא, טעמים, Torah Reading","ויקרא, צו, Leviticus, Vayikra, Tzav","חמישי, Chamishi","בר מצווה, Bar Mitzvah, בת מצווה, Bat Mitzvah, אשכנז, Ashkenaz, לימוד תורה","קריאה בתורה, טעמי המקרא, טעמים, Torah Reading, ויקרא, צו, Leviticus, Vayikra, Tzav, חמישי, Chamishi, בר מצווה, Bar Mitzvah, בת מצווה, Bat Mitzvah, אשכנז, Ashkenaz, לימוד תורה",18,174,34.8%
29,צו,Leviticus,parasha,231,שישי,6,"קריאה בתורה, טעמי המקרא, טעמים, Torah Reading","ויקרא, צו, Leviticus, Vayikra, Tzav","שישי, Shishi","בר מצווה, Bar Mitzvah, בת מצווה, Bat Mitzvah, אשכנז, Ashkenaz, לימוד תורה","קריאה בתורה, טעמי המקרא, טעמים, Torah Reading, ויקרא, צו, Leviticus, Vayikra, Tzav, שישי, Shishi, בר מצווה, Bar Mitzvah, בת מצווה, Bat Mitzvah, אשכנז, Ashkenaz, לימוד תורה",18,171,34.2%
29,צו,Leviticus,parasha,232,שביעי,7,"קריאה בתורה, טעמי המקרא, טעמים, Torah Reading","ויקרא, צו, Leviticus, Vayikra, Tzav","שביעי, Shevii","בר מצווה, Bar Mitzvah, בת מצווה, Bat Mitzvah, אשכנז, Ashkenaz, לימוד תורה","קריאה בתורה, טעמי המקרא, טעמים, Torah Reading, ויקרא, צו, Leviticus, Vayikra, Tzav, שביעי, Shevii, בר מצווה, Bar Mitzvah, בת מצווה, Bat Mitzvah, אשכנז, Ashkenaz, לימוד תורה",18,172,34.4%
29,צו,Leviticus,parasha,233,מפטיר,8,"קריאה בתורה, טעמי המקרא, טעמים, Torah Reading","ויקרא, צו, Leviticus, Vayikra, Tzav","מפטיר, Maftir","בר מצווה, Bar Mitzvah, בת מצווה, Bat Mitzvah, אשכנז, Ashkenaz, לימוד תורה","קריאה בתורה, טעמי המקרא, טעמים, Torah Reading, ויקרא, צו, Leviticus, Vayikra, Tzav, מפטיר, Maftir, בר מצווה, Bar Mitzvah, בת מצווה, Bat Mitzvah, אשכנז, Ashkenaz, לימוד תורה",18,172,34.4%
29,צו,Leviticus,parasha,234,הפטרה,9,"קריאה בתורה, טעמי המקרא, טעמים, Torah Reading","ויקרא, צו, Leviticus, Vayikra, Tzav","הפטרה, Haftara","בר מצווה, Bar Mitzvah, בת מצווה, Bat Mitzvah, אשכנז, Ashkenaz, לימוד תורה","קריאה בתורה, טעמי המקרא, טעמים, Torah Reading, ויקרא, צו, Leviticus, Vayikra, Tzav, הפטרה, Haftara, בר מצווה, Bar Mitzvah, בת מצווה, Bat Mitzvah, אשכנז, Ashkenaz, לימוד תורה",18,173,34.6%
30,שמיני,Leviticus,parasha,235,ראשון,1,"קריאה בתורה, טעמי המקרא, טעמים, Torah Reading","ויקרא, שמיני, Leviticus, Vayikra, Shemini","ראשון, Rishon","בר מצווה, Bar Mitzvah, בת מצווה, Bat Mitzvah, אשכנז, Ashkenaz, לימוד תורה","קריאה בתורה, טעמי המקרא, טעמים, Torah Reading, ויקרא, שמיני, Leviticus, Vayikra, Shemini, ראשון, Rishon, בר מצווה, Bar Mitzvah, בת מצווה, Bat Mitzvah, אשכנז, Ashkenaz, לימוד תורה",18,178,35.6%
30,שמיני,Leviticus,parasha,236,שני,2,"קריאה בתורה, טעמי המקרא, טעמים, Torah Reading","ויקרא, שמיני, Leviticus, Vayikra, Shemini","שני, Sheni","בר מצווה, Bar Mitzvah, בת מצווה, Bat Mitzvah, אשכנז, Ashkenaz, לימוד תורה","קריאה בתורה, טעמי המקרא, טעמים, Torah Reading, ויקרא, שמיני, Leviticus, Vayikra, Shemini, שני, Sheni, בר מצווה, Bar Mitzvah, בת מצווה, Bat Mitzvah, אשכנז, Ashkenaz, לימוד תורה",18,175,35.0%
30,שמיני,Leviticus,parasha,237,שלישי,3,"קריאה בתורה, טעמי המקרא, טעמים, Torah Reading","ויקרא, שמיני, Leviticus, Vayikra, Shemini","שלישי, Shlishi","בר מצווה, Bar Mitzvah, בת מצווה, Bat Mitzvah, אשכנז, Ashkenaz, לימוד תורה","קריאה בתורה, טעמי המקרא, טעמים, Torah Reading, ויקרא, שמיני, Leviticus, Vayikra, Shemini, שלישי, Shlishi, בר מצווה, Bar Mitzvah, בת מצווה, Bat Mitzvah, אשכנז, Ashkenaz, לימוד תורה",18,179,35.8%
30,שמיני,Leviticus,parasha,238,רביעי,4,"קריאה בתורה, טעמי המקרא, טעמים, Torah Reading","ויקרא, שמיני, Leviticus, Vayikra, Shemini","רביעי, Reviei","בר מצווה, Bar Mitzvah, בת מצווה, Bat Mitzvah, אשכנז, Ashkenaz, לימוד תורה","קריאה בתורה, טעמי המקרא, טעמים, Torah Reading, ויקרא, שמיני, Leviticus, Vayikra, Shemini, רביעי, Reviei, בר מצווה, Bar Mitzvah, בת מצווה, Bat Mitzvah, אשכנז, Ashkenaz, לימוד תורה",18,178,35.6%
30,שמיני,Leviticus,parasha,239,חמישי,5,"קריאה בתורה, טעמי המקרא, טעמים, Torah Reading","ויקרא, שמיני, Leviticus, Vayikra, Shemini","חמישי, Chamishi","בר מצווה, Bar Mitzvah, בת מצווה, Bat Mitzvah, אשכנז, Ashkenaz, לימוד תורה","קריאה בתורה, טעמי המקרא, טעמים, Torah Reading, ויקרא, שמיני, Leviticus, Vayikra, Shemini, חמישי, Chamishi, בר מצווה, Bar Mitzvah, בת מצווה, Bat Mitzvah, אשכנז, Ashkenaz, לימוד תורה",18,180,36.0%
30,שמיני,Leviticus,parasha,240,שישי,6,"קריאה בתורה, טעמי המקרא, טעמים, Torah Reading","ויקרא, שמיני, Leviticus, Vayikra, Shemini","שישי, Shishi","בר מצווה, Bar Mitzvah, בת מצווה, Bat Mitzvah, אשכנז, Ashkenaz, לימוד תורה","קריאה בתורה, טעמי המקרא, טעמים, Torah Reading, ויקרא, שמיני, Leviticus, Vayikra, Shemini, שישי, Shishi, בר מצווה, Bar Mitzvah, בת מצווה, Bat Mitzvah, אשכנז, Ashkenaz, לימוד תורה",18,177,35.4%
30,שמיני,Leviticus,parasha,241,שביעי,7,"קריאה בתורה, טעמי המקרא, טעמים, Torah Reading","ויקרא, שמיני, Leviticus, Vayikra, Shemini","שביעי, Shevii","בר מצווה, Bar Mitzvah, בת מצווה, Bat Mitzvah, אשכנז, Ashkenaz, לימוד תורה","קריאה בתורה, טעמי המקרא, טעמים, Torah Reading, ויקרא, שמיני, Leviticus, Vayikra, Shemini, שביעי, Shevii, בר מצווה, Bar Mitzvah, בת מצווה, Bat Mitzvah, אשכנז, Ashkenaz, לימוד תורה",18,178,35.6%
30,שמיני,Leviticus,parasha,242,מפטיר,8,"קריאה בתורה, טעמי המקרא, טעמים, Torah Reading","ויקרא, שמיני, Leviticus, Vayikra, Shemini","מפטיר, Maftir","בר מצווה, Bar Mitzvah, בת מצווה, Bat Mitzvah, אשכנז, Ashkenaz, לימוד תורה","קריאה בתורה, טעמי המקרא, טעמים, Torah Reading, ויקרא, שמיני, Leviticus, Vayikra, Shemini, מפטיר, Maftir, בר מצווה, Bar Mitzvah, בת מצווה, Bat Mitzvah, אשכנז, Ashkenaz, לימוד תורה",18,178,35.6%
30,שמיני,Leviticus,parasha,243,הפטרה,9,"קריאה בתורה, טעמי המקרא, טעמים, Torah Reading","ויקרא, שמיני, Leviticus, Vayikra, Shemini","הפטרה, Haftara","בר מצווה, Bar Mitzvah, בת מצווה, Bat Mitzvah, אשכנז, Ashkenaz, לימוד תורה","קריאה בתורה, טעמי המקרא, טעמים, Torah Reading, ויקרא, שמיני, Leviticus, Vayikra, Shemini, הפטרה, Haftara, בר מצווה, Bar Mitzvah, בת מצווה, Bat Mitzvah, אשכנז, Ashkenaz, לימוד תורה",18,179,35.8%
31,תזריע,Leviticus,parasha,244,ראשון,1,"קריאה בתורה, טעמי המקרא, טעמים, Torah Reading","ויקרא, תזריע, Leviticus, Vayikra, Tazria","ראשון, Rishon","בר מצווה, Bar Mitzvah, בת מצווה, Bat Mitzvah, אשכנז, Ashkenaz, לימוד תורה","קריאה בתורה, טעמי המקרא, טעמים, Torah Reading, ויקרא, תזריע, Leviticus, Vayikra, Tazria, ראשון, Rishon, בר מצווה, Bar Mitzvah, בת מצווה, Bat Mitzvah, אשכנז, Ashkenaz, לימוד תורה",18,177,35.4%
31,תזריע,Leviticus,parasha,245,שני,2,"קריאה בתורה, טעמי המקרא, טעמים, Torah Reading","ויקרא, תזריע, Leviticus, Vayikra, Tazria","שני, Sheni","בר מצווה, Bar Mitzvah, בת מצווה, Bat Mitzvah, אשכנז, Ashkenaz, לימוד תורה","קריאה בתורה, טעמי המקרא, טעמים, Torah Reading, ויקרא, תזריע, Leviticus, Vayikra, Tazria, שני, Sheni, בר מצווה, Bar Mitzvah, בת מצווה, Bat Mitzvah, אשכנז, Ashkenaz, לימוד תורה",18,174,34.8%
31,תזריע,Leviticus,parasha,246,שלישי,3,"קריאה בתורה, טעמי המקרא, טעמים, Torah Reading","ויקרא, תזריע, Leviticus, Vayikra, Tazria","שלישי, Shlishi","בר מצווה, Bar Mitzvah, בת מצווה, Bat Mitzvah, אשכנז, Ashkenaz, לימוד תורה","קריאה בתורה, טעמי המקרא, טעמים, Torah Reading, ויקרא, תזריע, Leviticus, Vayikra, Tazria, שלישי, Shlishi, בר מצווה, Bar Mitzvah, בת מצווה, Bat Mitzvah, אשכנז, Ashkenaz, לימוד תורה",18,178,35.6%
31,תזריע,Leviticus,parasha,247,רביעי,4,"קריאה בתורה, טעמי המקרא, טעמים, Torah Reading","ויקרא, תזריע, Leviticus, Vayikra, Tazria","רביעי, Reviei","בר מצווה, Bar Mitzvah, בת מצווה, Bat Mitzvah, אשכנז, Ashkenaz, לימוד תורה","קריאה בתורה, טעמי המקרא, טעמים, Torah Reading, ויקרא, תזריע, Leviticus, Vayikra, Tazria, רביעי, Reviei, בר מצווה, Bar Mitzvah, בת מצווה, Bat Mitzvah, אשכנז, Ashkenaz, לימוד תורה",18,177,35.4%
31,תזריע,Leviticus,parasha,248,חמישי,5,"קריאה בתורה, טעמי המקרא, טעמים, Torah Reading","ויקרא, תזריע, Leviticus, Vayikra, Tazria","חמישי, Chamishi","בר מצווה, Bar Mitzvah, בת מצווה, Bat Mitzvah, אשכנז, Ashkenaz, לימוד תורה","קריאה בתורה, טעמי המקרא, טעמים, Torah Reading, ויקרא, תזריע, Leviticus, Vayikra, Tazria, חמישי, Chamishi, בר מצווה, Bar Mitzvah, בת מצווה, Bat Mitzvah, אשכנז, Ashkenaz, לימוד תורה",18,179,35.8%
31,תזריע,Leviticus,parasha,249,שישי,6,"קריאה בתורה, טעמי המקרא, טעמים, Torah Reading","ויקרא, תזריע, Leviticus, Vayikra, Tazria","שישי, Shishi","בר מצווה, Bar Mitzvah, בת מצווה, Bat Mitzvah, אשכנז, Ashkenaz, לימוד תורה","קריאה בתורה, טעמי המקרא, טעמים, Torah Reading, ויקרא, תזריע, Leviticus, Vayikra, Tazria, שישי, Shishi, בר מצווה, Bar Mitzvah, בת מצווה, Bat Mitzvah, אשכנז, Ashkenaz, לימוד תורה",18,176,35.2%
31,תזריע,Leviticus,parasha,250,שביעי,7,"קריאה בתורה, טעמי המקרא, טעמים, Torah Reading","ויקרא, תזריע, Leviticus, Vayikra, Tazria","שביעי, Shevii","בר מצווה, Bar Mitzvah, בת מצווה, Bat Mitzvah, אשכנז, Ashkenaz, לימוד תורה","קריאה בתורה, טעמי המקרא, טעמים, Torah Reading, ויקרא, תזריע, Leviticus, Vayikra, Tazria, שביעי, Shevii, בר מצווה, Bar Mitzvah, בת מצווה, Bat Mitzvah, אשכנז, Ashkenaz, לימוד תורה",18,177,35.4%
31,תזריע,Leviticus,parasha,251,מפטיר,8,"קריאה בתורה, טעמי המקרא, טעמים, Torah Reading","ויקרא, תזריע, Leviticus, Vayikra, Tazria","מפטיר, Maftir","בר מצווה, Bar Mitzvah, בת מצווה, Bat Mitzvah, אשכנז, Ashkenaz, לימוד תורה","קריאה בתורה, טעמי המקרא, טעמים, Torah Reading, ויקרא, תזריע, Leviticus, Vayikra, Tazria, מפטיר, Maftir, בר מצווה, Bar Mitzvah, בת מצווה, Bat Mitzvah, אשכנז, Ashkenaz, לימוד תורה",18,177,35.4%
31,תזריע,Leviticus,parasha,252,הפטרה,9,"קריאה בתורה, טעמי המקרא, טעמים, Torah Reading","ויקרא, תזריע, Leviticus, Vayikra, Tazria","הפטרה, Haftara","בר מצווה, Bar Mitzvah, בת מצווה, Bat Mitzvah, אשכנז, Ashkenaz, לימוד תורה","קריאה בתורה, טעמי המקרא, טעמים, Torah Reading, ויקרא, תזריע, Leviticus, Vayikra, Tazria, הפטרה, Haftara, בר מצווה, Bar Mitzvah, בת מצווה, Bat Mitzvah, אשכנז, Ashkenaz, לימוד תורה",18,178,35.6%
32,מצורע,Leviticus,parasha,253,ראשון,1,"קריאה בתורה, טעמי המקרא, טעמים, Torah Reading","ויקרא, מצורע, Leviticus, Vayikra, Metzora","ראשון, Rishon","בר מצווה, Bar Mitzvah, בת מצווה, Bat Mitzvah, אשכנז, Ashkenaz, לימוד תורה","קריאה בתורה, טעמי המקרא, טעמים, Torah Reading, ויקרא, מצורע, Leviticus, Vayikra, Metzora, ראשון, Rishon, בר מצווה, Bar Mitzvah, בת מצווה, Bat Mitzvah, אשכנז, Ashkenaz, לימוד תורה",18,178,35.6%
32,מצורע,Leviticus,parasha,254,שני,2,"קריאה בתורה, טעמי המקרא, טעמים, Torah Reading","ויקרא, מצורע, Leviticus, Vayikra, Metzora","שני, Sheni","בר מצווה, Bar Mitzvah, בת מצווה, Bat Mitzvah, אשכנז, Ashkenaz, לימוד תורה","קריאה בתורה, טעמי המקרא, טעמים, Torah Reading, ויקרא, מצורע, Leviticus, Vayikra, Metzora, שני, Sheni, בר מצווה, Bar Mitzvah, בת מצווה, Bat Mitzvah, אשכנז, Ashkenaz, לימוד תורה",18,175,35.0%
32,מצורע,Leviticus,parasha,255,שלישי,3,"קריאה בתורה, טעמי המקרא, טעמים, Torah Reading","ויקרא, מצורע, Leviticus, Vayikra, Metzora","שלישי, Shlishi","בר מצווה, Bar Mitzvah, בת מצווה, Bat Mitzvah, אשכנז, Ashkenaz, לימוד תורה","קריאה בתורה, טעמי המקרא, טעמים, Torah Reading, ויקרא, מצורע, Leviticus, Vayikra, Metzora, שלישי, Shlishi, בר מצווה, Bar Mitzvah, בת מצווה, Bat Mitzvah, אשכנז, Ashkenaz, לימוד תורה",18,179,35.8%
32,מצורע,Leviticus,parasha,256,רביעי,4,"קריאה בתורה, טעמי המקרא, טעמים, Torah Reading","ויקרא, מצורע, Leviticus, Vayikra, Metzora","רביעי, Reviei","בר מצווה, Bar Mitzvah, בת מצווה, Bat Mitzvah, אשכנז, Ashkenaz, לימוד תורה","קריאה בתורה, טעמי המקרא, טעמים, Torah Reading, ויקרא, מצורע, Leviticus, Vayikra, Metzora, רביעי, Reviei, בר מצווה, Bar Mitzvah, בת מצווה, Bat Mitzvah, אשכנז, Ashkenaz, לימוד תורה",18,178,35.6%
32,מצורע,Leviticus,parasha,257,חמישי,5,"קריאה בתורה, טעמי המקרא, טעמים, Torah Reading","ויקרא, מצורע, Leviticus, Vayikra, Metzora","חמישי, Chamishi","בר מצווה, Bar Mitzvah, בת מצווה, Bat Mitzvah, אשכנז, Ashkenaz, לימוד תורה","קריאה בתורה, טעמי המקרא, טעמים, Torah Reading, ויקרא, מצורע, Leviticus, Vayikra, Metzora, חמישי, Chamishi, בר מצווה, Bar Mitzvah, בת מצווה, Bat Mitzvah, אשכנז, Ashkenaz, לימוד תורה",18,180,36.0%
32,מצורע,Leviticus,parasha,258,שישי,6,"קריאה בתורה, טעמי המקרא, טעמים, Torah Reading","ויקרא, מצורע, Leviticus, Vayikra, Metzora","שישי, Shishi","בר מצווה, Bar Mitzvah, בת מצווה, Bat Mitzvah, אשכנז, Ashkenaz, לימוד תורה","קריאה בתורה, טעמי המקרא, טעמים, Torah Reading, ויקרא, מצורע, Leviticus, Vayikra, Metzora, שישי, Shishi, בר מצווה, Bar Mitzvah, בת מצווה, Bat Mitzvah, אשכנז, Ashkenaz, לימוד תורה",18,177,35.4%
32,מצורע,Leviticus,parasha,259,שביעי,7,"קריאה בתורה, טעמי המקרא, טעמים, Torah Reading","ויקרא, מצורע, Leviticus, Vayikra, Metzora","שביעי, Shevii","בר מצווה, Bar Mitzvah, בת מצווה, Bat Mitzvah, אשכנז, Ashkenaz, לימוד תורה","קריאה בתורה, טעמי המקרא, טעמים, Torah Reading, ויקרא, מצורע, Leviticus, Vayikra, Metzora, שביעי, Shevii, בר מצווה, Bar Mitzvah, בת מצווה, Bat Mitzvah, אשכנז, Ashkenaz, לימוד תורה",18,178,35.6%
32,מצורע,Leviticus,parasha,260,מפטיר,8,"קריאה בתורה, טעמי המקרא, טעמים, Torah Reading","ויקרא, מצורע, Leviticus, Vayikra, Metzora","מפטיר, Maftir","בר מצווה, Bar Mitzvah, בת מצווה, Bat Mitzvah, אשכנז, Ashkenaz, לימוד תורה","קריאה בתורה, טעמי המקרא, טעמים, Torah Reading, ויקרא, מצורע, Leviticus, Vayikra, Metzora, מפטיר, Maftir, בר מצווה, Bar Mitzvah, בת מצווה, Bat Mitzvah, אשכנז, Ashkenaz, לימוד תורה",18,178,35.6%
32,מצורע,Leviticus,parasha,261,הפטרה,9,"קריאה בתורה, טעמי המקרא, טעמים, Torah Reading","ויקרא, מצורע, Leviticus, Vayikra, Metzora","הפטרה, Haftara","בר מצווה, Bar Mitzvah, בת מצווה, Bat Mitzvah, אשכנז, Ashkenaz, לימוד תורה","קריאה בתורה, טעמי המקרא, טעמים, Torah Reading, ויקרא, מצורע, Leviticus, Vayikra, Metzora, הפטרה, Haftara, בר מצווה, Bar Mitzvah, בת מצווה, Bat Mitzvah, אשכנז, Ashkenaz, לימוד תורה",18,179,35.8%
33,אחרי מות,Leviticus,parasha,262,ראשון,1,"קריאה בתורה, טעמי המקרא, טעמים, Torah Reading","ויקרא, אחרי מות, Leviticus, Vayikra, Acharei Mot","ראשון, Rishon","בר מצווה, Bar Mitzvah, בת מצווה, Bat Mitzvah, אשכנז, Ashkenaz, לימוד תורה","קריאה בתורה, טעמי המקרא, טעמים, Torah Reading, ויקרא, אחרי מות, Leviticus, Vayikra, Acharei Mot, ראשון, Rishon, בר מצווה, Bar Mitzvah, בת מצווה, Bat Mitzvah, אשכנז, Ashkenaz, לימוד תורה",18,185,37.0%
33,אחרי מות,Leviticus,parasha,263,שני,2,"קריאה בתורה, טעמי המקרא, טעמים, Torah Reading","ויקרא, אחרי מות, Leviticus, Vayikra, Acharei Mot","שני, Sheni","בר מצווה, Bar Mitzvah, בת מצווה, Bat Mitzvah, אשכנז, Ashkenaz, לימוד תורה","קריאה בתורה, טעמי המקרא, טעמים, Torah Reading, ויקרא, אחרי מות, Leviticus, Vayikra, Acharei Mot, שני, Sheni, בר מצווה, Bar Mitzvah, בת מצווה, Bat Mitzvah, אשכנז, Ashkenaz, לימוד תורה",18,182,36.4%
33,אחרי מות,Leviticus,parasha,264,שלישי,3,"קריאה בתורה, טעמי המקרא, טעמים, Torah Reading","ויקרא, אחרי מות, Leviticus, Vayikra, Acharei Mot","שלישי, Shlishi","בר מצווה, Bar Mitzvah, בת מצווה, Bat Mitzvah, אשכנז, Ashkenaz, לימוד תורה","קריאה בתורה, טעמי המקרא, טעמים, Torah Reading, ויקרא, אחרי מות, Leviticus, Vayikra, Acharei Mot, שלישי, Shlishi, בר מצווה, Bar Mitzvah, בת מצווה, Bat Mitzvah, אשכנז, Ashkenaz, לימוד תורה",18,186,37.2%
33,אחרי מות,Leviticus,parasha,265,רביעי,4,"קריאה בתורה, טעמי המקרא, טעמים, Torah Reading","ויקרא, אחרי מות, Leviticus, Vayikra, Acharei Mot","רביעי, Reviei","בר מצווה, Bar Mitzvah, בת מצווה, Bat Mitzvah, אשכנז, Ashkenaz, לימוד תורה","קריאה בתורה, טעמי המקרא, טעמים, Torah Reading, ויקרא, אחרי מות, Leviticus, Vayikra, Acharei Mot, רביעי, Reviei, בר מצווה, Bar Mitzvah, בת מצווה, Bat Mitzvah, אשכנז, Ashkenaz, לימוד תורה",18,185,37.0%
33,אחרי מות,Leviticus,parasha,266,חמישי,5,"קריאה בתורה, טעמי המקרא, טעמים, Torah Reading","ויקרא, אחרי מות, Leviticus, Vayikra, Acharei Mot","חמישי, Chamishi","בר מצווה, Bar Mitzvah, בת מצווה, Bat Mitzvah, אשכנז, Ashkenaz, לימוד תורה","קריאה בתורה, טעמי המקרא, טעמים, Torah Reading, ויקרא, אחרי מות, Leviticus, Vayikra, Acharei Mot, חמישי, Chamishi, בר מצווה, Bar Mitzvah, בת מצווה, Bat Mitzvah, אשכנז, Ashkenaz, לימוד תורה",18,187,37.4%
33,אחרי מות,Leviticus,parasha,267,שישי,6,"קריאה בתורה, טעמי המקרא, טעמים, Torah Reading","ויקרא, אחרי מות, Leviticus, Vayikra, Acharei Mot","שישי, Shishi","בר מצווה, Bar Mitzvah, בת מצווה, Bat Mitzvah, אשכנז, Ashkenaz, לימוד תורה","קריאה בתורה, טעמי המקרא, טעמים, Torah Reading, ויקרא, אחרי מות, Leviticus, Vayikra, Acharei Mot, שישי, Shishi, בר מצווה, Bar Mitzvah, בת מצווה, Bat Mitzvah, אשכנז, Ashkenaz, לימוד תורה",18,184,36.8%
33,אחרי מות,Leviticus,parasha,268,שביעי,7,"קריאה בתורה, טעמי המקרא, טעמים, Torah Reading","ויקרא, אחרי מות, Leviticus, Vayikra, Acharei Mot","שביעי, Shevii","בר מצווה, Bar Mitzvah, בת מצווה, Bat Mitzvah, אשכנז, Ashkenaz, לימוד תורה","קריאה בתורה, טעמי המקרא, טעמים, Torah Reading, ויקרא, אחרי מות, Leviticus, Vayikra, Acharei Mot, שביעי, Shevii, בר מצווה, Bar Mitzvah, בת מצווה, Bat Mitzvah, אשכנז, Ashkenaz, לימוד תורה",18,185,37.0%
33,אחרי מות,Leviticus,parasha,269,מפטיר,8,"קריאה בתורה, טעמי המקרא, טעמים, Torah Reading","ויקרא, אחרי מות, Leviticus, Vayikra, Acharei Mot","מפטיר, Maftir","בר מצווה, Bar Mitzvah, בת מצווה, Bat Mitzvah, אשכנז, Ashkenaz, לימוד תורה","קריאה בתורה, טעמי המקרא, טעמים, Torah Reading, ויקרא, אחרי מות, Leviticus, Vayikra, Acharei Mot, מפטיר, Maftir, בר מצווה, Bar Mitzvah, בת מצווה, Bat Mitzvah, אשכנז, Ashkenaz, לימוד תורה",18,185,37.0%
33,אחרי מות,Leviticus,parasha,270,הפטרה,9,"קריאה בתורה, טעמי המקרא, טעמים, Torah Reading","ויקרא, אחרי מות, Leviticus, Vayikra, Acharei Mot","הפטרה, Haftara","בר מצווה, Bar Mitzvah, בת מצווה, Bat Mitzvah, אשכנז, Ashkenaz, לימוד תורה","קריאה בתורה, טעמי המקרא, טעמים, Torah Reading, ויקרא, אחרי מות, Leviticus, Vayikra, Acharei Mot, הפטרה, Haftara, בר מצווה, Bar Mitzvah, בת מצווה, Bat Mitzvah, אשכנז, Ashkenaz, לימוד תורה",18,186,37.2%
34,קדושים,Leviticus,parasha,271,ראשון,1,"קריאה בתורה, טעמי המקרא, טעמים, Torah Reading","ויקרא, קדושים, Leviticus, Vayikra, Kedoshim","ראשון, Rishon","בר מצווה, Bar Mitzvah, בת מצווה, Bat Mitzvah, אשכנז, Ashkenaz, לימוד תורה","קריאה בתורה, טעמי המקרא, טעמים, Torah Reading, ויקרא, קדושים, Leviticus, Vayikra, Kedoshim, ראשון, Rishon, בר מצווה, Bar Mitzvah, בת מצווה, Bat Mitzvah, אשכנז, Ashkenaz, לימוד תורה",18,180,36.0%
34,קדושים,Leviticus,parasha,272,שני,2,"קריאה בתורה, טעמי המקרא, טעמים, Torah Reading","ויקרא, קדושים, Leviticus, Vayikra, Kedoshim","שני, Sheni","בר מצווה, Bar Mitzvah, בת מצווה, Bat Mitzvah, אשכנז, Ashkenaz, לימוד תורה","קריאה בתורה, טעמי המקרא, טעמים, Torah Reading, ויקרא, קדושים, Leviticus, Vayikra, Kedoshim, שני, Sheni, בר מצווה, Bar Mitzvah, בת מצווה, Bat Mitzvah, אשכנז, Ashkenaz, לימוד תורה",18,177,35.4%
34,קדושים,Leviticus,parasha,273,שלישי,3,"קריאה בתורה, טעמי המקרא, טעמים, Torah Reading","ויקרא, קדושים, Leviticus, Vayikra, Kedoshim","שלישי, Shlishi","בר מצווה, Bar Mitzvah, בת מצווה, Bat Mitzvah, אשכנז, Ashkenaz, לימוד תורה","קריאה בתורה, טעמי המקרא, טעמים, Torah Reading, ויקרא, קדושים, Leviticus, Vayikra, Kedoshim, שלישי, Shlishi, בר מצווה, Bar Mitzvah, בת מצווה, Bat Mitzvah, אשכנז, Ashkenaz, לימוד תורה",18,181,36.2%
34,קדושים,Leviticus,parasha,274,רביעי,4,"קריאה בתורה, טעמי המקרא, טעמים, Torah Reading","ויקרא, קדושים, Leviticus, Vayikra, Kedoshim","רביעי, Reviei","בר מצווה, Bar Mitzvah, בת מצווה, Bat Mitzvah, אשכנז, Ashkenaz, לימוד תורה","קריאה בתורה, טעמי המקרא, טעמים, Torah Reading, ויקרא, קדושים, Leviticus, Vayikra, Kedoshim, רביעי, Reviei, בר מצווה, Bar Mitzvah, בת מצווה, Bat Mitzvah, אשכנז, Ashkenaz, לימוד תורה",18,180,36.0%
34,קדושים,Leviticus,parasha,275,חמישי,5,"קריאה בתורה, טעמי המקרא, טעמים, Torah Reading","ויקרא, קדושים, Leviticus, Vayikra, Kedoshim","חמישי, Chamishi","בר מצווה, Bar Mitzvah, בת מצווה, Bat Mitzvah, אשכנז, Ashkenaz, לימוד תורה","קריאה בתורה, טעמי המקרא, טעמים, Torah Reading, ויקרא, קדושים, Leviticus, Vayikra, Kedoshim, חמישי, Chamishi, בר מצווה, Bar Mitzvah, בת מצווה, Bat Mitzvah, אשכנז, Ashkenaz, לימוד תורה",18,182,36.4%
34,קדושים,Leviticus,parasha,276,שישי,6,"קריאה בתורה, טעמי המקרא, טעמים, Torah Reading","ויקרא, קדושים, Leviticus, Vayikra, Kedoshim","שישי, Shishi","בר מצווה, Bar Mitzvah, בת מצווה, Bat Mitzvah, אשכנז, Ashkenaz, לימוד תורה","קריאה בתורה, טעמי המקרא, טעמים, Torah Reading, ויקרא, קדושים, Leviticus, Vayikra, Kedoshim, שישי, Shishi, בר מצווה, Bar Mitzvah, בת מצווה, Bat Mitzvah, אשכנז, Ashkenaz, לימוד תורה",18,179,35.8%
34,קדושים,Leviticus,parasha,277,שביעי,7,"קריאה בתורה, טעמי המקרא, טעמים, Torah Reading","ויקרא, קדושים, Leviticus, Vayikra, Kedoshim","שביעי, Shevii","בר מצווה, Bar Mitzvah, בת מצווה, Bat Mitzvah, אשכנז, Ashkenaz, לימוד תורה","קריאה בתורה, טעמי המקרא, טעמים, Torah Reading, ויקרא, קדושים, Leviticus, Vayikra, Kedoshim, שביעי, Shevii, בר מצווה, Bar Mitzvah, בת מצווה, Bat Mitzvah, אשכנז, Ashkenaz, לימוד תורה",18,180,36.0%
34,קדושים,Leviticus,parasha,278,מפטיר,8,"קריאה בתורה, טעמי המקרא, טעמים, Torah Reading","ויקרא, קדושים, Leviticus, Vayikra, Kedoshim","מפטיר, Maftir","בר מצווה, Bar Mitzvah, בת מצווה, Bat Mitzvah, אשכנז, Ashkenaz, לימוד תורה","קריאה בתורה, טעמי המקרא, טעמים, Torah Reading, ויקרא, קדושים, Leviticus, Vayikra, Kedoshim, מפטיר, Maftir, בר מצווה, Bar Mitzvah, בת מצווה, Bat Mitzvah, אשכנז, Ashkenaz, לימוד תורה",18,180,36.0%
34,קדושים,Leviticus,parasha,279,הפטרה,9,"קריאה בתורה, טעמי המקרא, טעמים, Torah Reading","ויקרא, קדושים, Leviticus, Vayikra, Kedoshim","הפטרה, Haftara","בר מצווה, Bar Mitzvah, בת מצווה, Bat Mitzvah, אשכנז, Ashkenaz, לימוד תורה","קריאה בתורה, טעמי המקרא, טעמים, Torah Reading, ויקרא, קדושים, Leviticus, Vayikra, Kedoshim, הפטרה, Haftara, בר מצווה, Bar Mitzvah, בת מצווה, Bat Mitzvah, אשכנז, Ashkenaz, לימוד תורה",18,181,36.2%
35,אמור,Leviticus,parasha,280,ראשון,1,"קריאה בתורה, טעמי המקרא, טעמים, Torah Reading","ויקרא, אמור, Leviticus, Vayikra, Emor","ראשון, Rishon","בר מצווה, Bar Mitzvah, בת מצווה, Bat Mitzvah, אשכנז, Ashkenaz, לימוד תורה","קריאה בתורה, טעמי המקרא, טעמים, Torah Reading, ויקרא, אמור, Leviticus, Vayikra, Emor, ראשון, Rishon, בר מצווה, Bar Mitzvah, בת מצווה, Bat Mitzvah, אשכנז, Ashkenaz, לימוד תורה",18,174,34.8%
35,אמור,Leviticus,parasha,281,שני,2,"קריאה בתורה, טעמי המקרא, טעמים, Torah Reading","ויקרא, אמור, Leviticus, Vayikra, Emor","שני, Sheni","בר מצווה, Bar Mitzvah, בת מצווה, Bat Mitzvah, אשכנז, Ashkenaz, לימוד תורה","קריאה בתורה, טעמי המקרא, טעמים, Torah Reading, ויקרא, אמור, Leviticus, Vayikra, Emor, שני, Sheni, בר מצווה, Bar Mitzvah, בת מצווה, Bat Mitzvah, אשכנז, Ashkenaz, לימוד תורה",18,171,34.2%
35,אמור,Leviticus,parasha,282,שלישי,3,"קריאה בתורה, טעמי המקרא, טעמים, Torah Reading","ויקרא, אמור, Leviticus, Vayikra, Emor","שלישי, Shlishi","בר מצווה, Bar Mitzvah, בת מצווה, Bat Mitzvah, אשכנז, Ashkenaz, לימוד תורה","קריאה בתורה, טעמי המקרא, טעמים, Torah Reading, ויקרא, אמור, Leviticus, Vayikra, Emor, שלישי, Shlishi, בר מצווה, Bar Mitzvah, בת מצווה, Bat Mitzvah, אשכנז, Ashkenaz, לימוד תורה",18,175,35.0%
35,אמור,Leviticus,parasha,283,רביעי,4,"קריאה בתורה, טעמי המקרא, טעמים, Torah Reading","ויקרא, אמור, Leviticus, Vayikra, Emor","רביעי, Reviei","בר מצווה, Bar Mitzvah, בת מצווה, Bat Mitzvah, אשכנז, Ashkenaz, לימוד תורה","קריאה בתורה, טעמי המקרא, טעמים, Torah Reading, ויקרא, אמור, Leviticus, Vayikra, Emor, רביעי, Reviei, בר מצווה, Bar Mitzvah, בת מצווה, Bat Mitzvah, אשכנז, Ashkenaz, לימוד תורה",18,174,34.8%
35,אמור,Leviticus,parasha,284,חמישי,5,"קריאה בתורה, טעמי המקרא, טעמים, Torah Reading","ויקרא, אמור, Leviticus, Vayikra, Emor","חמישי, Chamishi","בר מצווה, Bar Mitzvah, בת מצווה, Bat Mitzvah, אשכנז, Ashkenaz, לימוד תורה","קריאה בתורה, טעמי המקרא, טעמים, Torah Reading, ויקרא, אמור, Leviticus, Vayikra, Emor, חמישי, Chamishi, בר מצווה, Bar Mitzvah, בת מצווה, Bat Mitzvah, אשכנז, Ashkenaz, לימוד תורה",18,176,35.2%
35,אמור,Leviticus,parasha,285,שישי,6,"קריאה בתורה, טעמי המקרא, טעמים, Torah Reading","ויקרא, אמור, Leviticus, Vayikra, Emor","שישי, Shishi","בר מצווה, Bar Mitzvah, בת מצווה, Bat Mitzvah, אשכנז, Ashkenaz, לימוד תורה","קריאה בתורה, טעמי המקרא, טעמים, Torah Reading, ויקרא, אמור, Leviticus, Vayikra, Emor, שישי, Shishi, בר מצווה, Bar Mitzvah, בת מצווה, Bat Mitzvah, אשכנז, Ashkenaz, לימוד תורה",18,173,34.6%
35,אמור,Leviticus,parasha,286,שביעי,7,"קריאה בתורה, טעמי המקרא, טעמים, Torah Reading","ויקרא, אמור, Leviticus, Vayikra, Emor","שביעי, Shevii","בר מצווה, Bar Mitzvah, בת מצווה, Bat Mitzvah, אשכנז, Ashkenaz, לימוד תורה","קריאה בתורה, טעמי המקרא, טעמים, Torah Reading, ויקרא, אמור, Leviticus, Vayikra, Emor, שביעי, Shevii, בר מצווה, Bar Mitzvah, בת מצווה, Bat Mitzvah, אשכנז, Ashkenaz, לימוד תורה",18,174,34.8%
35,אמור,Leviticus,parasha,287,מפטיר,8,"קריאה בתורה, טעמי המקרא, טעמים, Torah Reading","ויקרא, אמור, Leviticus, Vayikra, Emor","מפטיר, Maftir","בר מצווה, Bar Mitzvah, בת מצווה, Bat Mitzvah, אשכנז, Ashkenaz, לימוד תורה","קריאה בתורה, טעמי המקרא, טעמים, Torah Reading, ויקרא, אמור, Leviticus, Vayikra, Emor, מפטיר, Maftir, בר מצווה, Bar Mitzvah, בת מצווה, Bat Mitzvah, אשכנז, Ashkenaz, לימוד תורה",18,174,34.8%
35,אמור,Leviticus,parasha,288,הפטרה,9,"קריאה בתורה, טעמי המקרא, טעמים, Torah Reading","ויקרא, אמור, Leviticus, Vayikra, Emor","הפטרה, Haftara","בר מצווה, Bar Mitzvah, בת מצווה, Bat Mitzvah, אשכנז, Ashkenaz, לימוד תורה","קריאה בתורה, טעמי המקרא, טעמים, Torah Reading, ויקרא, אמור, Leviticus, Vayikra, Emor, הפטרה, Haftara, בר מצווה, Bar Mitzvah, בת מצווה, Bat Mitzvah, אשכנז, Ashkenaz, לימוד תורה",18,175,35.0%
36,בהר,Leviticus,parasha,289,ראשון,1,"קריאה בתורה, טעמי המקרא, טעמים, Torah Reading","ויקרא, בהר, Leviticus, Vayikra, Behar","ראשון, Rishon","בר מצווה, Bar Mitzvah, בת מצווה, Bat Mitzvah, אשכנז, Ashkenaz, לימוד תורה","קריאה בתורה, טעמי המקרא, טעמים, Torah Reading, ויקרא, בהר, Leviticus, Vayikra, Behar, ראשון, Rishon, בר מצווה, Bar Mitzvah, בת מצווה, Bat Mitzvah, אשכנז, Ashkenaz, לימוד תורה",18,174,34.8%
36,בהר,Leviticus,parasha,290,שני,2,"קריאה בתורה, טעמי המקרא, טעמים, Torah Reading","ויקרא, בהר, Leviticus, Vayikra, Behar","שני, Sheni","בר מצווה, Bar Mitzvah, בת מצווה, Bat Mitzvah, אשכנז, Ashkenaz, לימוד תורה","קריאה בתורה, טעמי המקרא, טעמים, Torah Reading, ויקרא, בהר, Leviticus, Vayikra, Behar, שני, Sheni, בר מצווה, Bar Mitzvah, בת מצווה, Bat Mitzvah, אשכנז, Ashkenaz, לימוד תורה",18,171,34.2%
36,בהר,Leviticus,parasha,291,שלישי,3,"קריאה בתורה, טעמי המקרא, טעמים, Torah Reading","ויקרא, בהר, Leviticus, Vayikra, Behar","שלישי, Shlishi","בר מצווה, Bar Mitzvah, בת מצווה, Bat Mitzvah, אשכנז, Ashkenaz, לימוד תורה","קריאה בתורה, טעמי המקרא, טעמים, Torah Reading, ויקרא, בהר, Leviticus, Vayikra, Behar, שלישי, Shlishi, בר מצווה, Bar Mitzvah, בת מצווה, Bat Mitzvah, אשכנז, Ashkenaz, לימוד תורה",18,175,35.0%
36,בהר,Leviticus,parasha,292,רביעי,4,"קריאה בתורה, טעמי המקרא, טעמים, Torah Reading","ויקרא, בהר, Leviticus, Vayikra, Behar","רביעי, Reviei","בר מצווה, Bar Mitzvah, בת מצווה, Bat Mitzvah, אשכנז, Ashkenaz, לימוד תורה","קריאה בתורה, טעמי המקרא, טעמים, Torah Reading, ויקרא, בהר, Leviticus, Vayikra, Behar, רביעי, Reviei, בר מצווה, Bar Mitzvah, בת מצווה, Bat Mitzvah, אשכנז, Ashkenaz, לימוד תורה",18,174,34.8%
36,בהר,Leviticus,parasha,293,חמישי,5,"קריאה בתורה, טעמי המקרא, טעמים, Torah Reading","ויקרא, בהר, Leviticus, Vayikra, Behar","חמישי, Chamishi","בר מצווה, Bar Mitzvah, בת מצווה, Bat Mitzvah, אשכנז, Ashkenaz, לימוד תורה","קריאה בתורה, טעמי המקרא, טעמים, Torah Reading, ויקרא, בהר, Leviticus, Vayikra, Behar, חמישי, Chamishi, בר מצווה, Bar Mitzvah, בת מצווה, Bat Mitzvah, אשכנז, Ashkenaz, לימוד תורה",18,176,35.2%
36,בהר,Leviticus,parasha,294,שישי,6,"קריאה בתורה, טעמי המקרא, טעמים, Torah Reading","ויקרא, בהר, Leviticus, Vayikra, Behar","שישי, Shishi","בר מצווה, Bar Mitzvah, בת מצווה, Bat Mitzvah, אשכנז, Ashkenaz, לימוד תורה","קריאה בתורה, טעמי המקרא, טעמים, Torah Reading, ויקרא, בהר, Leviticus, Vayikra, Behar, שישי, Shishi, בר מצווה, Bar Mitzvah, בת מצווה, Bat Mitzvah, אשכנז, Ashkenaz, לימוד תורה",18,173,34.6%
36,בהר,Leviticus,parasha,295,שביעי,7,"קריאה בתורה, טעמי המקרא, טעמים, Torah Reading","ויקרא, בהר, Leviticus, Vayikra, Behar","שביעי, Shevii","בר מצווה, Bar Mitzvah, בת מצווה, Bat Mitzvah, אשכנז, Ashkenaz, לימוד תורה","קריאה בתורה, טעמי המקרא, טעמים, Torah Reading, ויקרא, בהר, Leviticus, Vayikra, Behar, שביעי, Shevii, בר מצווה, Bar Mitzvah, בת מצווה, Bat Mitzvah, אשכנז, Ashkenaz, לימוד תורה",18,174,34.8%
36,בהר,Leviticus,parasha,296,מפטיר,8,"קריאה בתורה, טעמי המקרא, טעמים, Torah Reading","ויקרא, בהר, Leviticus, Vayikra, Behar","מפטיר, Maftir","בר מצווה, Bar Mitzvah, בת מצווה, Bat Mitzvah, אשכנז, Ashkenaz, לימוד תורה","קריאה בתורה, טעמי המקרא, טעמים, Torah Reading, ויקרא, בהר, Leviticus, Vayikra, Behar, מפטיר, Maftir, בר מצווה, Bar Mitzvah, בת מצווה, Bat Mitzvah, אשכנז, Ashkenaz, לימוד תורה",18,174,34.8%
36,בהר,Leviticus,parasha,297,הפטרה,9,"קריאה בתורה, טעמי המקרא, טעמים, Torah Reading","ויקרא, בהר, Leviticus, Vayikra, Behar","הפטרה, Haftara","בר מצווה, Bar Mitzvah, בת מצווה, Bat Mitzvah, אשכנז, Ashkenaz, לימוד תורה","קריאה בתורה, טעמי המקרא, טעמים, Torah Reading, ויקרא, בהר, Leviticus, Vayikra, Behar, הפטרה, Haftara, בר מצווה, Bar Mitzvah, בת מצווה, Bat Mitzvah, אשכנז, Ashkenaz, לימוד תורה",18,175,35.0%
37,בחוקתי,Leviticus,parasha,298,ראשון,1,"קריאה בתורה, טעמי המקרא, טעמים, Torah Reading","ויקרא, בחוקתי, Leviticus, Vayikra, Bechukotai","ראשון, Rishon","בר מצווה, Bar Mitzvah, בת מצווה, Bat Mitzvah, אשכנז, Ashkenaz, לימוד תורה","קריאה בתורה, טעמי המקרא, טעמים, Torah Reading, ויקרא, בחוקתי, Leviticus, Vayikra, Bechukotai, ראשון, Rishon, בר מצווה, Bar Mitzvah, בת מצווה, Bat Mitzvah, אשכנז, Ashkenaz, לימוד תורה",18,182,36.4%
37,בחוקתי,Leviticus,parasha,299,שני,2,"קריאה בתורה, טעמי המקרא, טעמים, Torah Reading","ויקרא, בחוקתי, Leviticus, Vayikra, Bechukotai","שני, Sheni","בר מצווה, Bar Mitzvah, בת מצווה, Bat Mitzvah, אשכנז, Ashkenaz, לימוד תורה","קריאה בתורה, טעמי המקרא, טעמים, Torah Reading, ויקרא, בחוקתי, Leviticus, Vayikra, Bechukotai, שני, Sheni, בר מצווה, Bar Mitzvah, בת מצווה, Bat Mitzvah, אשכנז, Ashkenaz, לימוד תורה",18,179,35.8%
37,בחוקתי,Leviticus,parasha,300,שלישי,3,"קריאה בתורה, טעמי המקרא, טעמים, Torah Reading","ויקרא, בחוקתי, Leviticus, Vayikra, Bechukotai","שלישי, Shlishi","בר מצווה, Bar Mitzvah, בת מצווה, Bat Mitzvah, אשכנז, Ashkenaz, לימוד תורה","קריאה בתורה, טעמי המקרא, טעמים, Torah Reading, ויקרא, בחוקתי, Leviticus, Vayikra, Bechukotai, שלישי, Shlishi, בר מצווה, Bar Mitzvah, בת מצווה, Bat Mitzvah, אשכנז, Ashkenaz, לימוד תורה",18,183,36.6%
37,בחוקתי,Leviticus,parasha,301,רביעי,4,"קריאה בתורה, טעמי המקרא, טעמים, Torah Reading","ויקרא, בחוקתי, Leviticus, Vayikra, Bechukotai","רביעי, Reviei","בר מצווה, Bar Mitzvah, בת מצווה, Bat Mitzvah, אשכנז, Ashkenaz, לימוד תורה","קריאה בתורה, טעמי המקרא, טעמים, Torah Reading, ויקרא, בחוקתי, Leviticus, Vayikra, Bechukotai, רביעי, Reviei, בר מצווה, Bar Mitzvah, בת מצווה, Bat Mitzvah, אשכנז, Ashkenaz, לימוד תורה",18,182,36.4%
37,בחוקתי,Leviticus,parasha,302,חמישי,5,"קריאה בתורה, טעמי המקרא, טעמים, Torah Reading","ויקרא, בחוקתי, Leviticus, Vayikra, Bechukotai","חמישי, Chamishi","בר מצווה, Bar Mitzvah, בת מצווה, Bat Mitzvah, אשכנז, Ashkenaz, לימוד תורה","קריאה בתורה, טעמי המקרא, טעמים, Torah Reading, ויקרא, בחוקתי, Leviticus, Vayikra, Bechukotai, חמישי, Chamishi, בר מצווה, Bar Mitzvah, בת מצווה, Bat Mitzvah, אשכנז, Ashkenaz, לימוד תורה",18,184,36.8%
37,בחוקתי,Leviticus,parasha,303,שישי,6,"קריאה בתורה, טעמי המקרא, טעמים, Torah Reading","ויקרא, בחוקתי, Leviticus, Vayikra, Bechukotai","שישי, Shishi","בר מצווה, Bar Mitzvah, בת מצווה, Bat Mitzvah, אשכנז, Ashkenaz, לימוד תורה","קריאה בתורה, טעמי המקרא, טעמים, Torah Reading, ויקרא, בחוקתי, Leviticus, Vayikra, Bechukotai, שישי, Shishi, בר מצווה, Bar Mitzvah, בת מצווה, Bat Mitzvah, אשכנז, Ashkenaz, לימוד תורה",18,181,36.2%
37,בחוקתי,Leviticus,parasha,304,שביעי,7,"קריאה בתורה, טעמי המקרא, טעמים, Torah Reading","ויקרא, בחוקתי, Leviticus, Vayikra, Bechukotai","שביעי, Shevii","בר מצווה, Bar Mitzvah, בת מצווה, Bat Mitzvah, אשכנז, Ashkenaz, לימוד תורה","קריאה בתורה, טעמי המקרא, טעמים, Torah Reading, ויקרא, בחוקתי, Leviticus, Vayikra, Bechukotai, שביעי, Shevii, בר מצווה, Bar Mitzvah, בת מצווה, Bat Mitzvah, אשכנז, Ashkenaz, לימוד תורה",18,182,36.4%
37,בחוקתי,Leviticus,parasha,305,מפטיר,8,"קריאה בתורה, טעמי המקרא, טעמים, Torah Reading","ויקרא, בחוקתי, Leviticus, Vayikra, Bechukotai","מפטיר, Maftir","בר מצווה, Bar Mitzvah, בת מצווה, Bat Mitzvah, אשכנז, Ashkenaz, לימוד תורה","קריאה בתורה, טעמי המקרא, טעמים, Torah Reading, ויקרא, בחוקתי, Leviticus, Vayikra, Bechukotai, מפטיר, Maftir, בר מצווה, Bar Mitzvah, בת מצווה, Bat Mitzvah, אשכנז, Ashkenaz, לימוד תורה",18,182,36.4%
37,בחוקתי,Leviticus,parasha,306,הפטרה,9,"קריאה בתורה, טעמי המקרא, טעמים, Torah Reading","ויקרא, בחוקתי, Leviticus, Vayikra, Bechukotai","הפטרה, Haftara","בר מצווה, Bar Mitzvah, בת מצווה, Bat Mitzvah, אשכנז, Ashkenaz, לימוד תורה","קריאה בתורה, טעמי המקרא, טעמים, Torah Reading, ויקרא, בחוקתי, Leviticus, Vayikra, Bechukotai, הפטרה, Haftara, בר מצווה, Bar Mitzvah, בת מצווה, Bat Mitzvah, אשכנז, Ashkenaz, לימוד תורה",18,183,36.6%
38,במדבר,Numbers,parasha,307,ראשון,1,"קריאה בתורה, טעמי המקרא, טעמים, Torah Reading","במדבר, במדבר, Numbers, Bamidbar, Bamidbar","ראשון, Rishon","בר מצווה, Bar Mitzvah, בת מצווה, Bat Mitzvah, אשכנז, Ashkenaz, לימוד תורה","קריאה בתורה, טעמי המקרא, טעמים, Torah Reading, במדבר, במדבר, Numbers, Bamidbar, Bamidbar, ראשון, Rishon, בר מצווה, Bar Mitzvah, בת מצווה, Bat Mitzvah, אשכנז, Ashkenaz, לימוד תורה",18,178,35.6%
38,במדבר,Numbers,parasha,308,שני,2,"קריאה בתורה, טעמי המקרא, טעמים, Torah Reading","במדבר, במדבר, Numbers, Bamidbar, Bamidbar","שני, Sheni","בר מצווה, Bar Mitzvah, בת מצווה, Bat Mitzvah, אשכנז, Ashkenaz, לימוד תורה","קריאה בתורה, טעמי המקרא, טעמים, Torah Reading, במדבר, במדבר, Numbers, Bamidbar, Bamidbar, שני, Sheni, בר מצווה, Bar Mitzvah, בת מצווה, Bat Mitzvah, אשכנז, Ashkenaz, לימוד תורה",18,175,35.0%
38,במדבר,Numbers,parasha,309,שלישי,3,"קריאה בתורה, טעמי המקרא, טעמים, Torah Reading","במדבר, במדבר, Numbers, Bamidbar, Bamidbar","שלישי, Shlishi","בר מצווה, Bar Mitzvah, בת מצווה, Bat Mitzvah, אשכנז, Ashkenaz, לימוד תורה","קריאה בתורה, טעמי המקרא, טעמים, Torah Reading, במדבר, במדבר, Numbers, Bamidbar, Bamidbar, שלישי, Shlishi, בר מצווה, Bar Mitzvah, בת מצווה, Bat Mitzvah, אשכנז, Ashkenaz, לימוד תורה",18,179,35.8%
38,במדבר,Numbers,parasha,310,רביעי,4,"קריאה בתורה, טעמי המקרא, טעמים, Torah Reading","במדבר, במדבר, Numbers, Bamidbar, Bamidbar","רביעי, Reviei","בר מצווה, Bar Mitzvah, בת מצווה, Bat Mitzvah, אשכנז, Ashkenaz, לימוד תורה","קריאה בתורה, טעמי המקרא, טעמים, Torah Reading, במדבר, במדבר, Numbers, Bamidbar, Bamidbar, רביעי, Reviei, בר מצווה, Bar Mitzvah, בת מצווה, Bat Mitzvah, אשכנז, Ashkenaz, לימוד תורה",18,178,35.6%
38,במדבר,Numbers,parasha,311,חמישי,5,"קריאה בתורה, טעמי המקרא, טעמים, Torah Reading","במדבר, במדבר, Numbers, Bamidbar, Bamidbar","חמישי, Chamishi","בר מצווה, Bar Mitzvah, בת מצווה, Bat Mitzvah, אשכנז, Ashkenaz, לימוד תורה","קריאה בתורה, טעמי המקרא, טעמים, Torah Reading, במדבר, במדבר, Numbers, Bamidbar, Bamidbar, חמישי, Chamishi, בר מצווה, Bar Mitzvah, בת מצווה, Bat Mitzvah, אשכנז, Ashkenaz, לימוד תורה",18,180,36.0%
38,במדבר,Numbers,parasha,312,שישי,6,"קריאה בתורה, טעמי המקרא, טעמים, Torah Reading","במדבר, במדבר, Numbers, Bamidbar, Bamidbar","שישי, Shishi","בר מצווה, Bar Mitzvah, בת מצווה, Bat Mitzvah, אשכנז, Ashkenaz, לימוד תורה","קריאה בתורה, טעמי המקרא, טעמים, Torah Reading, במדבר, במדבר, Numbers, Bamidbar, Bamidbar, שישי, Shishi, בר מצווה, Bar Mitzvah, בת מצווה, Bat Mitzvah, אשכנז, Ashkenaz, לימוד תורה",18,177,35.4%
38,במדבר,Numbers,parasha,313,שביעי,7,"קריאה בתורה, טעמי המקרא, טעמים, Torah Reading","במדבר, במדבר, Numbers, Bamidbar, Bamidbar","שביעי, Shevii","בר מצווה, Bar Mitzvah, בת מצווה, Bat Mitzvah, אשכנז, Ashkenaz, לימוד תורה","קריאה בתורה, טעמי המקרא, טעמים, Torah Reading, במדבר, במדבר, Numbers, Bamidbar, Bamidbar, שביעי, Shevii, בר מצווה, Bar Mitzvah, בת מצווה, Bat Mitzvah, אשכנז, Ashkenaz, לימוד תורה",18,178,35.6%
38,במדבר,Numbers,parasha,314,מפטיר,8,"קריאה בתורה, טעמי המקרא, טעמים, Torah Reading","במדבר, במדבר, Numbers, Bamidbar, Bamidbar","מפטיר, Maftir","בר מצווה, Bar Mitzvah, בת מצווה, Bat Mitzvah, אשכנז, Ashkenaz, לימוד תורה","קריאה בתורה, טעמי המקרא, טעמים, Torah Reading, במדבר, במדבר, Numbers, Bamidbar, Bamidbar, מפטיר, Maftir, בר מצווה, Bar Mitzvah, בת מצווה, Bat Mitzvah, אשכנז, Ashkenaz, לימוד תורה",18,178,35.6%
38,במדבר,Numbers,parasha,315,הפטרה,9,"קריאה בתורה, טעמי המקרא, טעמים, Torah Reading","במדבר, במדבר, Numbers, Bamidbar, Bamidbar","הפטרה, Haftara","בר מצווה, Bar Mitzvah, בת מצווה, Bat Mitzvah, אשכנז, Ashkenaz, לימוד תורה","קריאה בתורה, טעמי המקרא, טעמים, Torah Reading, במדבר, במדבר, Numbers, Bamidbar, Bamidbar, הפטרה, Haftara, בר מצווה, Bar Mitzvah, בת מצווה, Bat Mitzvah, אשכנז, Ashkenaz, לימוד תורה",18,179,35.8%
39,נשא,Numbers,parasha,316,ראשון,1,"קריאה בתורה, טעמי המקרא, טעמים, Torah Reading","במדבר, נשא, Numbers, Bamidbar, Naso","ראשון, Rishon","בר מצווה, Bar Mitzvah, בת מצווה, Bat Mitzvah, אשכנז, Ashkenaz, לימוד תורה","קריאה בתורה, טעמי המקרא, טעמים, Torah Reading, במדבר, נשא, Numbers, Bamidbar, Naso, ראשון, Rishon, בר מצווה, Bar Mitzvah, בת מצווה, Bat Mitzvah, אשכנז, Ashkenaz, לימוד תורה",18,172,34.4%
39,נשא,Numbers,parasha,317,שני,2,"קריאה בתורה, טעמי המקרא, טעמים, Torah Reading","במדבר, נשא, Numbers, Bamidbar, Naso","שני, Sheni","בר מצווה, Bar Mitzvah, בת מצווה, Bat Mitzvah, אשכנז, Ashkenaz, לימוד תורה","קריאה בתורה, טעמי המקרא, טעמים, Torah Reading, במדבר, נשא, Numbers, Bamidbar, Naso, שני, Sheni, בר מצווה, Bar Mitzvah, בת מצווה, Bat Mitzvah, אשכנז, Ashkenaz, לימוד תורה",18,169,33.8%
39,נשא,Numbers,parasha,318,שלישי,3,"קריאה בתורה, טעמי המקרא, טעמים, Torah Reading","במדבר, נשא, Numbers, Bamidbar, Naso","שלישי, Shlishi","בר מצווה, Bar Mitzvah, בת מצווה, Bat Mitzvah, אשכנז, Ashkenaz, לימוד תורה","קריאה בתורה, טעמי המקרא, טעמים, Torah Reading, במדבר, נשא, Numbers, Bamidbar, Naso, שלישי, Shlishi, בר מצווה, Bar Mitzvah, בת מצווה, Bat Mitzvah, אשכנז, Ashkenaz, לימוד תורה",18,173,34.6%
39,נשא,Numbers,parasha,319,רביעי,4,"קריאה בתורה, טעמי המקרא, טעמים, Torah Reading","במדבר, נשא, Numbers, Bamidbar, Naso","רביעי, Reviei","בר מצווה, Bar Mitzvah, בת מצווה, Bat Mitzvah, אשכנז, Ashkenaz, לימוד תורה","קריאה בתורה, טעמי המקרא, טעמים, Torah Reading, במדבר, נשא, Numbers, Bamidbar, Naso, רביעי, Reviei, בר מצווה, Bar Mitzvah, בת מצווה, Bat Mitzvah, אשכנז, Ashkenaz, לימוד תורה",18,172,34.4%
39,נשא,Numbers,parasha,320,חמישי,5,"קריאה בתורה, טעמי המקרא, טעמים, Torah Reading","במדבר, נשא, Numbers, Bamidbar, Naso","חמישי, Chamishi","בר מצווה, Bar Mitzvah, בת מצווה, Bat Mitzvah, אשכנז, Ashkenaz, לימוד תורה","קריאה בתורה, טעמי המקרא, טעמים, Torah Reading, במדבר, נשא, Numbers, Bamidbar, Naso, חמישי, Chamishi, בר מצווה, Bar Mitzvah, בת מצווה, Bat Mitzvah, אשכנז, Ashkenaz, לימוד תורה",18,174,34.8%
39,נשא,Numbers,parasha,321,שישי,6,"קריאה בתורה, טעמי המקרא, טעמים, Torah Reading","במדבר, נשא, Numbers, Bamidbar, Naso","שישי, Shishi","בר מצווה, Bar Mitzvah, בת מצווה, Bat Mitzvah, אשכנז, Ashkenaz, לימוד תורה","קריאה בתורה, טעמי המקרא, טעמים, Torah Reading, במדבר, נשא, Numbers, Bamidbar, Naso, שישי, Shishi, בר מצווה, Bar Mitzvah, בת מצווה, Bat Mitzvah, אשכנז, Ashkenaz, לימוד תורה",18,171,34.2%
39,נשא,Numbers,parasha,322,שביעי,7,"קריאה בתורה, טעמי המקרא, טעמים, Torah Reading","במדבר, נשא, Numbers, Bamidbar, Naso","שביעי, Shevii","בר מצווה, Bar Mitzvah, בת מצווה, Bat Mitzvah, אשכנז, Ashkenaz, לימוד תורה","קריאה בתורה, טעמי המקרא, טעמים, Torah Reading, במדבר, נשא, Numbers, Bamidbar, Naso, שביעי, Shevii, בר מצווה, Bar Mitzvah, בת מצווה, Bat Mitzvah, אשכנז, Ashkenaz, לימוד תורה",18,172,34.4%
39,נשא,Numbers,parasha,323,מפטיר,8,"קריאה בתורה, טעמי המקרא, טעמים, Torah Reading","במדבר, נשא, Numbers, Bamidbar, Naso","מפטיר, Maftir","בר מצווה, Bar Mitzvah, בת מצווה, Bat Mitzvah, אשכנז, Ashkenaz, לימוד תורה","קריאה בתורה, טעמי המקרא, טעמים, Torah Reading, במדבר, נשא, Numbers, Bamidbar, Naso, מפטיר, Maftir, בר מצווה, Bar Mitzvah, בת מצווה, Bat Mitzvah, אשכנז, Ashkenaz, לימוד תורה",18,172,34.4%
39,נשא,Numbers,parasha,324,הפטרה,9,"קריאה בתורה, טעמי המקרא, טעמים, Torah Reading","במדבר, נשא, Numbers, Bamidbar, Naso","הפטרה, Haftara","בר מצווה, Bar Mitzvah, בת מצווה, Bat Mitzvah, אשכנז, Ashkenaz, לימוד תורה","קריאה בתורה, טעמי המקרא, טעמים, Torah Reading, במדבר, נשא, Numbers, Bamidbar, Naso, הפטרה, Haftara, בר מצווה, Bar Mitzvah, בת מצווה, Bat Mitzvah, אשכנז, Ashkenaz, לימוד תורה",18,173,34.6%
40,בהעלותך,Numbers,parasha,325,ראשון,1,"קריאה בתורה, טעמי המקרא, טעמים, Torah Reading","במדבר, בהעלותך, Numbers, Bamidbar, Beha'alotcha","ראשון, Rishon","בר מצווה, Bar Mitzvah, בת מצווה, Bat Mitzvah, אשכנז, Ashkenaz, לימוד תורה","קריאה בתורה, טעמי המקרא, טעמים, Torah Reading, במדבר, בהעלותך, Numbers, Bamidbar, Beha'alotcha, ראשון, Rishon, בר מצווה, Bar Mitzvah, בת מצווה, Bat Mitzvah, אשכנז, Ashkenaz, לימוד תורה",18,184,36.8%
40,בהעלותך,Numbers,parasha,326,שני,2,"קריאה בתורה, טעמי המקרא, טעמים, Torah Reading","במדבר, בהעלותך, Numbers, Bamidbar, Beha'alotcha","שני, Sheni","בר מצווה, Bar Mitzvah, בת מצווה, Bat Mitzvah, אשכנז, Ashkenaz, לימוד תורה","קריאה בתורה, טעמי המקרא, טעמים, Torah Reading, במדבר, בהעלותך, Numbers, Bamidbar, Beha'alotcha, שני, Sheni, בר מצווה, Bar Mitzvah, בת מצווה, Bat Mitzvah, אשכנז, Ashkenaz, לימוד תורה",18,181,36.2%
40,בהעלותך,Numbers,parasha,327,שלישי,3,"קריאה בתורה, טעמי המקרא, טעמים, Torah Reading","במדבר, בהעלותך, Numbers, Bamidbar, Beha'alotcha","שלישי, Shlishi","בר מצווה, Bar Mitzvah, בת מצווה, Bat Mitzvah, אשכנז, Ashkenaz, לימוד תורה","קריאה בתורה, טעמי המקרא, טעמים, Torah Reading, במדבר, בהעלותך, Numbers, Bamidbar, Beha'alotcha, שלישי, Shlishi, בר מצווה, Bar Mitzvah, בת מצווה, Bat Mitzvah, אשכנז, Ashkenaz, לימוד תורה",18,185,37.0%
40,בהעלותך,Numbers,parasha,328,רביעי,4,"קריאה בתורה, טעמי המקרא, טעמים, Torah Reading","במדבר, בהעלותך, Numbers, Bamidbar, Beha'alotcha","רביעי, Reviei","בר מצווה, Bar Mitzvah, בת מצווה, Bat Mitzvah, אשכנז, Ashkenaz, לימוד תורה","קריאה בתורה, טעמי המקרא, טעמים, Torah Reading, במדבר, בהעלותך, Numbers, Bamidbar, Beha'alotcha, רביעי, Reviei, בר מצווה, Bar Mitzvah, בת מצווה, Bat Mitzvah, אשכנז, Ashkenaz, לימוד תורה",18,184,36.8%
40,בהעלותך,Numbers,parasha,329,חמישי,5,"קריאה בתורה, טעמי המקרא, טעמים, Torah Reading","במדבר, בהעלותך, Numbers, Bamidbar, Beha'alotcha","חמישי, Chamishi","בר מצווה, Bar Mitzvah, בת מצווה, Bat Mitzvah, אשכנז, Ashkenaz, לימוד תורה","קריאה בתורה, טעמי המקרא, טעמים, Torah Reading, במדבר, בהעלותך, Numbers, Bamidbar, Beha'alotcha, חמישי, Chamishi, בר מצווה, Bar Mitzvah, בת מצווה, Bat Mitzvah, אשכנז, Ashkenaz, לימוד תורה",18,186,37.2%
40,בהעלותך,Numbers,parasha,330,שישי,6,"קריאה בתורה, טעמי המקרא, טעמים, Torah Reading","במדבר, בהעלותך, Numbers, Bamidbar, Beha'alotcha","שישי, Shishi","בר מצווה, Bar Mitzvah, בת מצווה, Bat Mitzvah, אשכנז, Ashkenaz, לימוד תורה","קריאה בתורה, טעמי המקרא, טעמים, Torah Reading, במדבר, בהעלותך, Numbers, Bamidbar, Beha'alotcha, שישי, Shishi, בר מצווה, Bar Mitzvah, בת מצווה, Bat Mitzvah, אשכנז, Ashkenaz, לימוד תורה",18,183,36.6%
40,בהעלותך,Numbers,parasha,331,שביעי,7,"קריאה בתורה, טעמי המקרא, טעמים, Torah Reading","במדבר, בהעלותך, Numbers, Bamidbar, Beha'alotcha","שביעי, Shevii","בר מצווה, Bar Mitzvah, בת מצווה, Bat Mitzvah, אשכנז, Ashkenaz, לימוד תורה","קריאה בתורה, טעמי המקרא, טעמים, Torah Reading, במדבר, בהעלותך, Numbers, Bamidbar, Beha'alotcha, שביעי, Shevii, בר מצווה, Bar Mitzvah, בת מצווה, Bat Mitzvah, אשכנז, Ashkenaz, לימוד תורה",18,184,36.8%
40,בהעלותך,Numbers,parasha,332,מפטיר,8,"קריאה בתורה, טעמי המקרא, טעמים, Torah Reading","במדבר, בהעלותך, Numbers, Bamidbar, Beha'alotcha","מפטיר, Maftir","בר מצווה, Bar Mitzvah, בת מצווה, Bat Mitzvah, אשכנז, Ashkenaz, לימוד תורה","קריאה בתורה, טעמי המקרא, טעמים, Torah Reading, במדבר, בהעלותך, Numbers, Bamidbar, Beha'alotcha, מפטיר, Maftir, בר מצווה, Bar Mitzvah, בת מצווה, Bat Mitzvah, אשכנז, Ashkenaz, לימוד תורה",18,184,36.8%
40,בהעלותך,Numbers,parasha,333,הפטרה,9,"קריאה בתורה, טעמי המקרא, טעמים, Torah Reading","במדבר, בהעלותך, Numbers, Bamidbar, Beha'alotcha","הפטרה, Haftara","בר מצווה, Bar Mitzvah, בת מצווה, Bat Mitzvah, אשכנז, Ashkenaz, לימוד תורה","קריאה בתורה, טעמי המקרא, טעמים, Torah Reading, במדבר, בהעלותך, Numbers, Bamidbar, Beha'alotcha, הפטרה, Haftara, בר מצווה, Bar Mitzvah, בת מצווה, Bat Mitzvah, אשכנז, Ashkenaz, לימוד תורה",18,185,37.0%
41,שלח,Numbers,parasha,334,ראשון,1,"קריאה בתורה, טעמי המקרא, טעמים, Torah Reading","במדבר, שלח, Numbers, Bamidbar, Shelach","ראשון, Rishon","בר מצווה, Bar Mitzvah, בת מצווה, Bat Mitzvah, אשכנז, Ashkenaz, לימוד תורה","קריאה בתורה, טעמי המקרא, טעמים, Torah Reading, במדבר, שלח, Numbers, Bamidbar, Shelach, ראשון, Rishon, בר מצווה, Bar Mitzvah, בת מצווה, Bat Mitzvah, אשכנז, Ashkenaz, לימוד תורה",18,175,35.0%
41,שלח,Numbers,parasha,335,שני,2,"קריאה בתורה, טעמי המקרא, טעמים, Torah Reading","במדבר, שלח, Numbers, Bamidbar, Shelach","שני, Sheni","בר מצווה, Bar Mitzvah, בת מצווה, Bat Mitzvah, אשכנז, Ashkenaz, לימוד תורה","קריאה בתורה, טעמי המקרא, טעמים, Torah Reading, במדבר, שלח, Numbers, Bamidbar, Shelach, שני, Sheni, בר מצווה, Bar Mitzvah, בת מצווה, Bat Mitzvah, אשכנז, Ashkenaz, לימוד תורה",18,172,34.4%
41,שלח,Numbers,parasha,336,שלישי,3,"קריאה בתורה, טעמי המקרא, טעמים, Torah Reading","במדבר, שלח, Numbers, Bamidbar, Shelach","שלישי, Shlishi","בר מצווה, Bar Mitzvah, בת מצווה, Bat Mitzvah, אשכנז, Ashkenaz, לימוד תורה","קריאה בתורה, טעמי המקרא, טעמים, Torah Reading, במדבר, שלח, Numbers, Bamidbar, Shelach, שלישי, Shlishi, בר מצווה, Bar Mitzvah, בת מצווה, Bat Mitzvah, אשכנז, Ashkenaz, לימוד תורה",18,176,35.2%
41,שלח,Numbers,parasha,337,רביעי,4,"קריאה בתורה, טעמי המקרא, טעמים, Torah Reading","במדבר, שלח, Numbers, Bamidbar, Shelach","רביעי, Reviei","בר מצווה, Bar Mitzvah, בת מצווה, Bat Mitzvah, אשכנז, Ashkenaz, לימוד תורה","קריאה בתורה, טעמי המקרא, טעמים, Torah Reading, במדבר, שלח, Numbers, Bamidbar, Shelach, רביעי, Reviei, בר מצווה, Bar Mitzvah, בת מצווה, Bat Mitzvah, אשכנז, Ashkenaz, לימוד תורה",18,175,35.0%
41,שלח,Numbers,parasha,338,חמישי,5,"קריאה בתורה, טעמי המקרא, טעמים, Torah Reading","במדבר, שלח, Numbers, Bamidbar, Shelach","חמישי, Chamishi","בר מצווה, Bar Mitzvah, בת מצווה, Bat Mitzvah, אשכנז, Ashkenaz, לימוד תורה","קריאה בתורה, טעמי המקרא, טעמים, Torah Reading, במדבר, שלח, Numbers, Bamidbar, Shelach, חמישי, Chamishi, בר מצווה, Bar Mitzvah, בת מצווה, Bat Mitzvah, אשכנז, Ashkenaz, לימוד תורה",18,177,35.4%
41,שלח,Numbers,parasha,339,שישי,6,"קריאה בתורה, טעמי המקרא, טעמים, Torah Reading","במדבר, שלח, Numbers, Bamidbar, Shelach","שישי, Shishi","בר מצווה, Bar Mitzvah, בת מצווה, Bat Mitzvah, אשכנז, Ashkenaz, לימוד תורה","קריאה בתורה, טעמי המקרא, טעמים, Torah Reading, במדבר, שלח, Numbers, Bamidbar, Shelach, שישי, Shishi, בר מצווה, Bar Mitzvah, בת מצווה, Bat Mitzvah, אשכנז, Ashkenaz, לימוד תורה",18,174,34.8%
41,שלח,Numbers,parasha,340,שביעי,7,"קריאה בתורה, טעמי המקרא, טעמים, Torah Reading","במדבר, שלח, Numbers, Bamidbar, Shelach","שביעי, Shevii","בר מצווה, Bar Mitzvah, בת מצווה, Bat Mitzvah, אשכנז, Ashkenaz, לימוד תורה","קריאה בתורה, טעמי המקרא, טעמים, Torah Reading, במדבר, שלח, Numbers, Bamidbar, Shelach, שביעי, Shevii, בר מצווה, Bar Mitzvah, בת מצווה, Bat Mitzvah, אשכנז, Ashkenaz, לימוד תורה",18,175,35.0%
41,שלח,Numbers,parasha,341,מפטיר,8,"קריאה בתורה, טעמי המקרא, טעמים, Torah Reading","במדבר, שלח, Numbers, Bamidbar, Shelach","מפטיר, Maftir","בר מצווה, Bar Mitzvah, בת מצווה, Bat Mitzvah, אשכנז, Ashkenaz, לימוד תורה","קריאה בתורה, טעמי המקרא, טעמים, Torah Reading, במדבר, שלח, Numbers, Bamidbar, Shelach, מפטיר, Maftir, בר מצווה, Bar Mitzvah, בת מצווה, Bat Mitzvah, אשכנז, Ashkenaz, לימוד תורה",18,175,35.0%
41,שלח,Numbers,parasha,342,הפטרה,9,"קריאה בתורה, טעמי המקרא, טעמים, Torah Reading","במדבר, שלח, Numbers, Bamidbar, Shelach","הפטרה, Haftara","בר מצווה, Bar Mitzvah, בת מצווה, Bat Mitzvah, אשכנז, Ashkenaz, לימוד תורה","קריאה בתורה, טעמי המקרא, טעמים, Torah Reading, במדבר, שלח, Numbers, Bamidbar, Shelach, הפטרה, Haftara, בר מצווה, Bar Mitzvah, בת מצווה, Bat Mitzvah, אשכנז, Ashkenaz, לימוד תורה",18,176,35.2%
42,קרח,Numbers,parasha,343,ראשון,1,"קריאה בתורה, טעמי המקרא, טעמים, Torah Reading","במדבר, קרח, Numbers, Bamidbar, Korach","ראשון, Rishon","בר מצווה, Bar Mitzvah, בת מצווה, Bat Mitzvah, אשכנז, Ashkenaz, לימוד תורה","קריאה בתורה, טעמי המקרא, טעמים, Torah Reading, במדבר, קרח, Numbers, Bamidbar, Korach, ראשון, Rishon, בר מצווה, Bar Mitzvah, בת מצווה, Bat Mitzvah, אשכנז, Ashkenaz, לימוד תורה",18,174,34.8%
42,קרח,Numbers,parasha,344,שני,2,"קריאה בתורה, טעמי המקרא, טעמים, Torah Reading","במדבר, קרח, Numbers, Bamidbar, Korach","שני, Sheni","בר מצווה, Bar Mitzvah, בת מצווה, Bat Mitzvah, אשכנז, Ashkenaz, לימוד תורה","קריאה בתורה, טעמי המקרא, טעמים, Torah Reading, במדבר, קרח, Numbers, Bamidbar, Korach, שני, Sheni, בר מצווה, Bar Mitzvah, בת מצווה, Bat Mitzvah, אשכנז, Ashkenaz, לימוד תורה",18,171,34.2%
42,קרח,Numbers,parasha,345,שלישי,3,"קריאה בתורה, טעמי המקרא, טעמים, Torah Reading","במדבר, קרח, Numbers, Bamidbar, Korach","שלישי, Shlishi","בר מצווה, Bar Mitzvah, בת מצווה, Bat Mitzvah, אשכנז, Ashkenaz, לימוד תורה","קריאה בתורה, טעמי המקרא, טעמים, Torah Reading, במדבר, קרח, Numbers, Bamidbar, Korach, שלישי, Shlishi, בר מצווה, Bar Mitzvah, בת מצווה, Bat Mitzvah, אשכנז, Ashkenaz, לימוד תורה",18,175,35.0%
42,קרח,Numbers,parasha,346,רביעי,4,"קריאה בתורה, טעמי המקרא, טעמים, Torah Reading","במדבר, קרח, Numbers, Bamidbar, Korach","רביעי, Reviei","בר מצווה, Bar Mitzvah, בת מצווה, Bat Mitzvah, אשכנז, Ashkenaz, לימוד תורה","קריאה בתורה, טעמי המקרא, טעמים, Torah Reading, במדבר, קרח, Numbers, Bamidbar, Korach, רביעי, Reviei, בר מצווה, Bar Mitzvah, בת מצווה, Bat Mitzvah, אשכנז, Ashkenaz, לימוד תורה",18,174,34.8%
42,קרח,Numbers,parasha,347,חמישי,5,"קריאה בתורה, טעמי המקרא, טעמים, Torah Reading","במדבר, קרח, Numbers, Bamidbar, Korach","חמישי, Chamishi","בר מצווה, Bar Mitzvah, בת מצווה, Bat Mitzvah, אשכנז, Ashkenaz, לימוד תורה","קריאה בתורה, טעמי המקרא, טעמים, Torah Reading, במדבר, קרח, Numbers, Bamidbar, Korach, חמישי, Chamishi, בר מצווה, Bar Mitzvah, בת מצווה, Bat Mitzvah, אשכנז, Ashkenaz, לימוד תורה",18,176,35.2%
42,קרח,Numbers,parasha,348,שישי,6,"קריאה בתורה, טעמי המקרא, טעמים, Torah Reading","במדבר, קרח, Numbers, Bamidbar, Korach","שישי, Shishi","בר מצווה, Bar Mitzvah, בת מצווה, Bat Mitzvah, אשכנז, Ashkenaz, לימוד תורה","קריאה בתורה, טעמי המקרא, טעמים, Torah Reading, במדבר, קרח, Numbers, Bamidbar, Korach, שישי, Shishi, בר מצווה, Bar Mitzvah, בת מצווה, Bat Mitzvah, אשכנז, Ashkenaz, לימוד תורה",18,173,34.6%
42,קרח,Numbers,parasha,349,שביעי,7,"קריאה בתורה, טעמי המקרא, טעמים, Torah Reading","במדבר, קרח, Numbers, Bamidbar, Korach","שביעי, Shevii","בר מצווה, Bar Mitzvah, בת מצווה, Bat Mitzvah, אשכנז, Ashkenaz, לימוד תורה","קריאה בתורה, טעמי המקרא, טעמים, Torah Reading, במדבר, קרח, Numbers, Bamidbar, Korach, שביעי, Shevii, בר מצווה, Bar Mitzvah, בת מצווה, Bat Mitzvah, אשכנז, Ashkenaz, לימוד תורה",18,174,34.8%
42,קרח,Numbers,parasha,350,מפטיר,8,"קריאה בתורה, טעמי המקרא, טעמים, Torah Reading","במדבר, קרח, Numbers, Bamidbar, Korach","מפטיר, Maftir","בר מצווה, Bar Mitzvah, בת מצווה, Bat Mitzvah, אשכנז, Ashkenaz, לימוד תורה","קריאה בתורה, טעמי המקרא, טעמים, Torah Reading, במדבר, קרח, Numbers, Bamidbar, Korach, מפטיר, Maftir, בר מצווה, Bar Mitzvah, בת מצווה, Bat Mitzvah, אשכנז, Ashkenaz, לימוד תורה",18,174,34.8%
42,קרח,Numbers,parasha,351,הפטרה,9,"קריאה בתורה, טעמי המקרא, טעמים, Torah Reading","במדבר, קרח, Numbers, Bamidbar, Korach","הפטרה, Haftara","בר מצווה, Bar Mitzvah, בת מצווה, Bat Mitzvah, אשכנז, Ashkenaz, לימוד תורה","קריאה בתורה, טעמי המקרא, טעמים, Torah Reading, במדבר, קרח, Numbers, Bamidbar, Korach, הפטרה, Haftara, בר מצווה, Bar Mitzvah, בת מצווה, Bat Mitzvah, אשכנז, Ashkenaz, לימוד תורה",18,175,35.0%
43,חקת,Numbers,parasha,352,ראשון,1,"קריאה בתורה, טעמי המקרא, טעמים, Torah Reading","במדבר, חקת, Numbers, Bamidbar, Chukat","ראשון, Rishon","בר מצווה, Bar Mitzvah, בת מצווה, Bat Mitzvah, אשכנז, Ashkenaz, לימוד תורה","קריאה בתורה, טעמי המקרא, טעמים, Torah Reading, במדבר, חקת, Numbers, Bamidbar, Chukat, ראשון, Rishon, בר מצווה, Bar Mitzvah, בת מצווה, Bat Mitzvah, אשכנז, Ashkenaz, לימוד תורה",18,174,34.8%
43,חקת,Numbers,parasha,353,שני,2,"קריאה בתורה, טעמי המקרא, טעמים, Torah Reading","במדבר, חקת, Numbers, Bamidbar, Chukat","שני, Sheni","בר מצווה, Bar Mitzvah, בת מצווה, Bat Mitzvah, אשכנז, Ashkenaz, לימוד תורה","קריאה בתורה, טעמי המקרא, טעמים, Torah Reading, במדבר, חקת, Numbers, Bamidbar, Chukat, שני, Sheni, בר מצווה, Bar Mitzvah, בת מצווה, Bat Mitzvah, אשכנז, Ashkenaz, לימוד תורה",18,171,34.2%
43,חקת,Numbers,parasha,354,שלישי,3,"קריאה בתורה, טעמי המקרא, טעמים, Torah Reading","במדבר, חקת, Numbers, Bamidbar, Chukat","שלישי, Shlishi","בר מצווה, Bar Mitzvah, בת מצווה, Bat Mitzvah, אשכנז, Ashkenaz, לימוד תורה","קריאה בתורה, טעמי המקרא, טעמים, Torah Reading, במדבר, חקת, Numbers, Bamidbar, Chukat, שלישי, Shlishi, בר מצווה, Bar Mitzvah, בת מצווה, Bat Mitzvah, אשכנז, Ashkenaz, לימוד תורה",18,175,35.0%
43,חקת,Numbers,parasha,355,רביעי,4,"קריאה בתורה, טעמי המקרא, טעמים, Torah Reading","במדבר, חקת, Numbers, Bamidbar, Chukat","רביעי, Reviei","בר מצווה, Bar Mitzvah, בת מצווה, Bat Mitzvah, אשכנז, Ashkenaz, לימוד תורה","קריאה בתורה, טעמי המקרא, טעמים, Torah Reading, במדבר, חקת, Numbers, Bamidbar, Chukat, רביעי, Reviei, בר מצווה, Bar Mitzvah, בת מצווה, Bat Mitzvah, אשכנז, Ashkenaz, לימוד תורה",18,174,34.8%
43,חקת,Numbers,parasha,356,חמישי,5,"קריאה בתורה, טעמי המקרא, טעמים, Torah Reading","במדבר, חקת, Numbers, Bamidbar, Chukat","חמישי, Chamishi","בר מצווה, Bar Mitzvah, בת מצווה, Bat Mitzvah, אשכנז, Ashkenaz, לימוד תורה","קריאה בתורה, טעמי המקרא, טעמים, Torah Reading, במדבר, חקת, Numbers, Bamidbar, Chukat, חמישי, Chamishi, בר מצווה, Bar Mitzvah, בת מצווה, Bat Mitzvah, אשכנז, Ashkenaz, לימוד תורה",18,176,35.2%
43,חקת,Numbers,parasha,357,שישי,6,"קריאה בתורה, טעמי המקרא, טעמים, Torah Reading","במדבר, חקת, Numbers, Bamidbar, Chukat","שישי, Shishi","בר מצווה, Bar Mitzvah, בת מצווה, Bat Mitzvah, אשכנז, Ashkenaz, לימוד תורה","קריאה בתורה, טעמי המקרא, טעמים, Torah Reading, במדבר, חקת, Numbers, Bamidbar, Chukat, שישי, Shishi, בר מצווה, Bar Mitzvah, בת מצווה, Bat Mitzvah, אשכנז, Ashkenaz, לימוד תורה",18,173,34.6%
43,חקת,Numbers,parasha,358,שביעי,7,"קריאה בתורה, טעמי המקרא, טעמים, Torah Reading","במדבר, חקת, Numbers, Bamidbar, Chukat","שביעי, Shevii","בר מצווה, Bar Mitzvah, בת מצווה, Bat Mitzvah, אשכנז, Ashkenaz, לימוד תורה","קריאה בתורה, טעמי המקרא, טעמים, Torah Reading, במדבר, חקת, Numbers, Bamidbar, Chukat, שביעי, Shevii, בר מצווה, Bar Mitzvah, בת מצווה, Bat Mitzvah, אשכנז, Ashkenaz, לימוד תורה",18,174,34.8%
43,חקת,Numbers,parasha,359,מפטיר,8,"קריאה בתורה, טעמי המקרא, טעמים, Torah Reading","במדבר, חקת, Numbers, Bamidbar, Chukat","מפטיר, Maftir","בר מצווה, Bar Mitzvah, בת מצווה, Bat Mitzvah, אשכנז, Ashkenaz, לימוד תורה","קריאה בתורה, טעמי המקרא, טעמים, Torah Reading, במדבר, חקת, Numbers, Bamidbar, Chukat, מפטיר, Maftir, בר מצווה, Bar Mitzvah, בת מצווה, Bat Mitzvah, אשכנז, Ashkenaz, לימוד תורה",18,174,34.8%
43,חקת,Numbers,parasha,360,הפטרה,9,"קריאה בתורה, טעמי המקרא, טעמים, Torah Reading","במדבר, חקת, Numbers, Bamidbar, Chukat","הפטרה, Haftara","בר מצווה, Bar Mitzvah, בת מצווה, Bat Mitzvah, אשכנז, Ashkenaz, לימוד תורה","קריאה בתורה, טעמי המקרא, טעמים, Torah Reading, במדבר, חקת, Numbers, Bamidbar, Chukat, הפטרה, Haftara, בר מצווה, Bar Mitzvah, בת מצווה, Bat Mitzvah, אשכנז, Ashkenaz, לימוד תורה",18,175,35.0%
44,בלק,Numbers,parasha,361,ראשון,1,"קריאה בתורה, טעמי המקרא, טעמים, Torah Reading","במדבר, בלק, Numbers, Bamidbar, Balak","ראשון, Rishon","בר מצווה, Bar Mitzvah, בת מצווה, Bat Mitzvah, אשכנז, Ashkenaz, לימוד תורה","קריאה בתורה, טעמי המקרא, טעמים, Torah Reading, במדבר, בלק, Numbers, Bamidbar, Balak, ראשון, Rishon, בר מצווה, Bar Mitzvah, בת מצווה, Bat Mitzvah, אשכנז, Ashkenaz, לימוד תורה",18,173,34.6%
44,בלק,Numbers,parasha,362,שני,2,"קריאה בתורה, טעמי המקרא, טעמים, Torah Reading","במדבר, בלק, Numbers, Bamidbar, Balak","שני, Sheni","בר מצווה, Bar Mitzvah, בת מצווה, Bat Mitzvah, אשכנז, Ashkenaz, לימוד תורה","קריאה בתורה, טעמי המקרא, טעמים, Torah Reading, במדבר, בלק, Numbers, Bamidbar, Balak, שני, Sheni, בר מצווה, Bar Mitzvah, בת מצווה, Bat Mitzvah, אשכנז, Ashkenaz, לימוד תורה",18,170,34.0%
44,בלק,Numbers,parasha,363,שלישי,3,"קריאה בתורה, טעמי המקרא, טעמים, Torah Reading","במדבר, בלק, Numbers, Bamidbar, Balak","שלישי, Shlishi","בר מצווה, Bar Mitzvah, בת מצווה, Bat Mitzvah, אשכנז, Ashkenaz, לימוד תורה","קריאה בתורה, טעמי המקרא, טעמים, Torah Reading, במדבר, בלק, Numbers, Bamidbar, Balak, שלישי, Shlishi, בר מצווה, Bar Mitzvah, בת מצווה, Bat Mitzvah, אשכנז, Ashkenaz, לימוד תורה",18,174,34.8%
44,בלק,Numbers,parasha,364,רביעי,4,"קריאה בתורה, טעמי המקרא, טעמים, Torah Reading","במדבר, בלק, Numbers, Bamidbar, Balak","רביעי, Reviei","בר מצווה, Bar Mitzvah, בת מצווה, Bat Mitzvah, אשכנז, Ashkenaz, לימוד תורה","קריאה בתורה, טעמי המקרא, טעמים, Torah Reading, במדבר, בלק, Numbers, Bamidbar, Balak, רביעי, Reviei, בר מצווה, Bar Mitzvah, בת מצווה, Bat Mitzvah, אשכנז, Ashkenaz, לימוד תורה",18,173,34.6%
44,בלק,Numbers,parasha,365,חמישי,5,"קריאה בתורה, טעמי המקרא, טעמים, Torah Reading","במדבר, בלק, Numbers, Bamidbar, Balak","חמישי, Chamishi","בר מצווה, Bar Mitzvah, בת מצווה, Bat Mitzvah, אשכנז, Ashkenaz, לימוד תורה","קריאה בתורה, טעמי המקרא, טעמים, Torah Reading, במדבר, בלק, Numbers, Bamidbar, Balak, חמישי, Chamishi, בר מצווה, Bar Mitzvah, בת מצווה, Bat Mitzvah, אשכנז, Ashkenaz, לימוד תורה",18,175,35.0%
44,בלק,Numbers,parasha,366,שישי,6,"קריאה בתורה, טעמי המקרא, טעמים, Torah Reading","במדבר, בלק, Numbers, Bamidbar, Balak","שישי, Shishi","בר מצווה, Bar Mitzvah, בת מצווה, Bat Mitzvah, אשכנז, Ashkenaz, לימוד תורה","קריאה בתורה, טעמי המקרא, טעמים, Torah Reading, במדבר, בלק, Numbers, Bamidbar, Balak, שישי, Shishi, בר מצווה, Bar Mitzvah, בת מצווה, Bat Mitzvah, אשכנז, Ashkenaz, לימוד תורה",18,172,34.4%
44,בלק,Numbers,parasha,367,שביעי,7,"קריאה בתורה, טעמי המקרא, טעמים, Torah Reading","במדבר, בלק, Numbers, Bamidbar, Balak","שביעי, Shevii","בר מצווה, Bar Mitzvah, בת מצווה, Bat Mitzvah, אשכנז, Ashkenaz, לימוד תורה","קריאה בתורה, טעמי המקרא, טעמים, Torah Reading, במדבר, בלק, Numbers, Bamidbar, Balak, שביעי, Shevii, בר מצווה, Bar Mitzvah, בת מצווה, Bat Mitzvah, אשכנז, Ashkenaz, לימוד תורה",18,173,34.6%
44,בלק,Numbers,parasha,368,מפטיר,8,"קריאה בתורה, טעמי המקרא, טעמים, Torah Reading","במדבר, בלק, Numbers, Bamidbar, Balak","מפטיר, Maftir","בר מצווה, Bar Mitzvah, בת מצווה, Bat Mitzvah, אשכנז, Ashkenaz, לימוד תורה","קריאה בתורה, טעמי המקרא, טעמים, Torah Reading, במדבר, בלק, Numbers, Bamidbar, Balak, מפטיר, Maftir, בר מצווה, Bar Mitzvah, בת מצווה, Bat Mitzvah, אשכנז, Ashkenaz, לימוד תורה",18,173,34.6%
44,בלק,Numbers,parasha,369,הפטרה,9,"קריאה בתורה, טעמי המקרא, טעמים, Torah Reading","במדבר, בלק, Numbers, Bamidbar, Balak","הפטרה, Haftara","בר מצווה, Bar Mitzvah, בת מצווה, Bat Mitzvah, אשכנז, Ashkenaz, לימוד תורה","קריאה בתורה, טעמי המקרא, טעמים, Torah Reading, במדבר, בלק, Numbers, Bamidbar, Balak, הפטרה, Haftara, בר מצווה, Bar Mitzvah, בת מצווה, Bat Mitzvah, אשכנז, Ashkenaz, לימוד תורה",18,174,34.8%
45,פנחס,Numbers,parasha,370,ראשון,1,"קריאה בתורה, טעמי המקרא, טעמים, Torah Reading","במדבר, פנחס, Numbers, Bamidbar, Pinchas","ראשון, Rishon","בר מצווה, Bar Mitzvah, בת מצווה, Bat Mitzvah, אשכנז, Ashkenaz, לימוד תורה","קריאה בתורה, טעמי המקרא, טעמים, Torah Reading, במדבר, פנחס, Numbers, Bamidbar, Pinchas, ראשון, Rishon, בר מצווה, Bar Mitzvah, בת מצווה, Bat Mitzvah, אשכנז, Ashkenaz, לימוד תורה",18,176,35.2%
45,פנחס,Numbers,parasha,371,שני,2,"קריאה בתורה, טעמי המקרא, טעמים, Torah Reading","במדבר, פנחס, Numbers, Bamidbar, Pinchas","שני, Sheni","בר מצווה, Bar Mitzvah, בת מצווה, Bat Mitzvah, אשכנז, Ashkenaz, לימוד תורה","קריאה בתורה, טעמי המקרא, טעמים, Torah Reading, במדבר, פנחס, Numbers, Bamidbar, Pinchas, שני, Sheni, בר מצווה, Bar Mitzvah, בת מצווה, Bat Mitzvah, אשכנז, Ashkenaz, לימוד תורה",18,173,34.6%
45,פנחס,Numbers,parasha,372,שלישי,3,"קריאה בתורה, טעמי המקרא, טעמים, Torah Reading","במדבר, פנחס, Numbers, Bamidbar, Pinchas","שלישי, Shlishi","בר מצווה, Bar Mitzvah, בת מצווה, Bat Mitzvah, אשכנז, Ashkenaz, לימוד תורה","קריאה בתורה, טעמי המקרא, טעמים, Torah Reading, במדבר, פנחס, Numbers, Bamidbar, Pinchas, שלישי, Shlishi, בר מצווה, Bar Mitzvah, בת מצווה, Bat Mitzvah, אשכנז, Ashkenaz, לימוד תורה",18,177,35.4%
45,פנחס,Numbers,parasha,373,רביעי,4,"קריאה בתורה, טעמי המקרא, טעמים, Torah Reading","במדבר, פנחס, Numbers, Bamidbar, Pinchas","רביעי, Reviei","בר מצווה, Bar Mitzvah, בת מצווה, Bat Mitzvah, אשכנז, Ashkenaz, לימוד תורה","קריאה בתורה, טעמי המקרא, טעמים, Torah Reading, במדבר, פנחס, Numbers, Bamidbar, Pinchas, רביעי, Reviei, בר מצווה, Bar Mitzvah, בת מצווה, Bat Mitzvah, אשכנז, Ashkenaz, לימוד תורה",18,176,35.2%
45,פנחס,Numbers,parasha,374,חמישי,5,"קריאה בתורה, טעמי המקרא, טעמים, Torah Reading","במדבר, פנחס, Numbers, Bamidbar, Pinchas","חמישי, Chamishi","בר מצווה, Bar Mitzvah, בת מצווה, Bat Mitzvah, אשכנז, Ashkenaz, לימוד תורה","קריאה בתורה, טעמי המקרא, טעמים, Torah Reading, במדבר, פנחס, Numbers, Bamidbar, Pinchas, חמישי, Chamishi, בר מצווה, Bar Mitzvah, בת מצווה, Bat Mitzvah, אשכנז, Ashkenaz, לימוד תורה",18,178,35.6%
45,פנחס,Numbers,parasha,375,שישי,6,"קריאה בתורה, טעמי המקרא, טעמים, Torah Reading","במדבר, פנחס, Numbers, Bamidbar, Pinchas","שישי, Shishi","בר מצווה, Bar Mitzvah, בת מצווה, Bat Mitzvah, אשכנז, Ashkenaz, לימוד תורה","קריאה בתורה, טעמי המקרא, טעמים, Torah Reading, במדבר, פנחס, Numbers, Bamidbar, Pinchas, שישי, Shishi, בר מצווה, Bar Mitzvah, בת מצווה, Bat Mitzvah, אשכנז, Ashkenaz, לימוד תורה",18,175,35.0%
45,פנחס,Numbers,parasha,376,שביעי,7,"קריאה בתורה, טעמי המקרא, טעמים, Torah Reading","במדבר, פנחס, Numbers, Bamidbar, Pinchas","שביעי, Shevii","בר מצווה, Bar Mitzvah, בת מצווה, Bat Mitzvah, אשכנז, Ashkenaz, לימוד תורה","קריאה בתורה, טעמי המקרא, טעמים, Torah Reading, במדבר, פנחס, Numbers, Bamidbar, Pinchas, שביעי, Shevii, בר מצווה, Bar Mitzvah, בת מצווה, Bat Mitzvah, אשכנז, Ashkenaz, לימוד תורה",18,176,35.2%
45,פנחס,Numbers,parasha,377,מפטיר,8,"קריאה בתורה, טעמי המקרא, טעמים, Torah Reading","במדבר, פנחס, Numbers, Bamidbar, Pinchas","מפטיר, Maftir","בר מצווה, Bar Mitzvah, בת מצווה, Bat Mitzvah, אשכנז, Ashkenaz, לימוד תורה","קריאה בתורה, טעמי המקרא, טעמים, Torah Reading, במדבר, פנחס, Numbers, Bamidbar, Pinchas, מפטיר, Maftir, בר מצווה, Bar Mitzvah, בת מצווה, Bat Mitzvah, אשכנז, Ashkenaz, לימוד תורה",18,176,35.2%
45,פנחס,Numbers,parasha,378,הפטרה,9,"קריאה בתורה, טעמי המקרא, טעמים, Torah Reading","במדבר, פנחס, Numbers, Bamidbar, Pinchas","הפטרה, Haftara","בר מצווה, Bar Mitzvah, בת מצווה, Bat Mitzvah, אשכנז, Ashkenaz, לימוד תורה","קריאה בתורה, טעמי המקרא, טעמים, Torah Reading, במדבר, פנחס, Numbers, Bamidbar, Pinchas, הפטרה, Haftara, בר מצווה, Bar Mitzvah, בת מצווה, Bat Mitzvah, אשכנז, Ashkenaz, לימוד תורה",18,177,35.4%
46,מטות,Numbers,parasha,379,ראשון,1,"קריאה בתורה, טעמי המקרא, טעמים, Torah Reading","במדבר, מטות, Numbers, Bamidbar, Matot","ראשון, Rishon","בר מצווה, Bar Mitzvah, בת מצווה, Bat Mitzvah, אשכנז, Ashkenaz, לימוד תורה","קריאה בתורה, טעמי המקרא, טעמים, Torah Reading, במדבר, מטות, Numbers, Bamidbar, Matot, ראשון, Rishon, בר מצווה, Bar Mitzvah, בת מצווה, Bat Mitzvah, אשכנז, Ashkenaz, לימוד תורה",18,174,34.8%
46,מטות,Numbers,parasha,380,שני,2,"קריאה בתורה, טעמי המקרא, טעמים, Torah Reading","במדבר, מטות, Numbers, Bamidbar, Matot","שני, Sheni","בר מצווה, Bar Mitzvah, בת מצווה, Bat Mitzvah, אשכנז, Ashkenaz, לימוד תורה","קריאה בתורה, טעמי המקרא, טעמים, Torah Reading, במדבר, מטות, Numbers, Bamidbar, Matot, שני, Sheni, בר מצווה, Bar Mitzvah, בת מצווה, Bat Mitzvah, אשכנז, Ashkenaz, לימוד תורה",18,171,34.2%
46,מטות,Numbers,parasha,381,שלישי,3,"קריאה בתורה, טעמי המקרא, טעמים, Torah Reading","במדבר, מטות, Numbers, Bamidbar, Matot","שלישי, Shlishi","בר מצווה, Bar Mitzvah, בת מצווה, Bat Mitzvah, אשכנז, Ashkenaz, לימוד תורה","קריאה בתורה, טעמי המקרא, טעמים, Torah Reading, במדבר, מטות, Numbers, Bamidbar, Matot, שלישי, Shlishi, בר מצווה, Bar Mitzvah, בת מצווה, Bat Mitzvah, אשכנז, Ashkenaz, לימוד תורה",18,175,35.0%
46,מטות,Numbers,parasha,382,רביעי,4,"קריאה בתורה, טעמי המקרא, טעמים, Torah Reading","במדבר, מטות, Numbers, Bamidbar, Matot","רביעי, Reviei","בר מצווה, Bar Mitzvah, בת מצווה, Bat Mitzvah, אשכנז, Ashkenaz, לימוד תורה","קריאה בתורה, טעמי המקרא, טעמים, Torah Reading, במדבר, מטות, Numbers, Bamidbar, Matot, רביעי, Reviei, בר מצווה, Bar Mitzvah, בת מצווה, Bat Mitzvah, אשכנז, Ashkenaz, לימוד תורה",18,174,34.8%
46,מטות,Numbers,parasha,383,חמישי,5,"קריאה בתורה, טעמי המקרא, טעמים, Torah Reading","במדבר, מטות, Numbers, Bamidbar, Matot","חמישי, Chamishi","בר מצווה, Bar Mitzvah, בת מצווה, Bat Mitzvah, אשכנז, Ashkenaz, לימוד תורה","קריאה בתורה, טעמי המקרא, טעמים, Torah Reading, במדבר, מטות, Numbers, Bamidbar, Matot, חמישי, Chamishi, בר מצווה, Bar Mitzvah, בת מצווה, Bat Mitzvah, אשכנז, Ashkenaz, לימוד תורה",18,176,35.2%
46,מטות,Numbers,parasha,384,שישי,6,"קריאה בתורה, טעמי המקרא, טעמים, Torah Reading","במדבר, מטות, Numbers, Bamidbar, Matot","שישי, Shishi","בר מצווה, Bar Mitzvah, בת מצווה, Bat Mitzvah, אשכנז, Ashkenaz, לימוד תורה","קריאה בתורה, טעמי המקרא, טעמים, Torah Reading, במדבר, מטות, Numbers, Bamidbar, Matot, שישי, Shishi, בר מצווה, Bar Mitzvah, בת מצווה, Bat Mitzvah, אשכנז, Ashkenaz, לימוד תורה",18,173,34.6%
46,מטות,Numbers,parasha,385,שביעי,7,"קריאה בתורה, טעמי המקרא, טעמים, Torah Reading","במדבר, מטות, Numbers, Bamidbar, Matot","שביעי, Shevii","בר מצווה, Bar Mitzvah, בת מצווה, Bat Mitzvah, אשכנז, Ashkenaz, לימוד תורה","קריאה בתורה, טעמי המקרא, טעמים, Torah Reading, במדבר, מטות, Numbers, Bamidbar, Matot, שביעי, Shevii, בר מצווה, Bar Mitzvah, בת מצווה, Bat Mitzvah, אשכנז, Ashkenaz, לימוד תורה",18,174,34.8%
46,מטות,Numbers,parasha,386,מפטיר,8,"קריאה בתורה, טעמי המקרא, טעמים, Torah Reading","במדבר, מטות, Numbers, Bamidbar, Matot","מפטיר, Maftir","בר מצווה, Bar Mitzvah, בת מצווה, Bat Mitzvah, אשכנז, Ashkenaz, לימוד תורה","קריאה בתורה, טעמי המקרא, טעמים, Torah Reading, במדבר, מטות, Numbers, Bamidbar, Matot, מפטיר, Maftir, בר מצווה, Bar Mitzvah, בת מצווה, Bat Mitzvah, אשכנז, Ashkenaz, לימוד תורה",18,174,34.8%
46,מטות,Numbers,parasha,387,הפטרה,9,"קריאה בתורה, טעמי המקרא, טעמים, Torah Reading","במדבר, מטות, Numbers, Bamidbar, Matot","הפטרה, Haftara","בר מצווה, Bar Mitzvah, בת מצווה, Bat Mitzvah, אשכנז, Ashkenaz, לימוד תורה","קריאה בתורה, טעמי המקרא, טעמים, Torah Reading, במדבר, מטות, Numbers, Bamidbar, Matot, הפטרה, Haftara, בר מצווה, Bar Mitzvah, בת מצווה, Bat Mitzvah, אשכנז, Ashkenaz, לימוד תורה",18,175,35.0%
47,מסעי,Numbers,parasha,388,ראשון,1,"קריאה בתורה, טעמי המקרא, טעמים, Torah Reading","במדבר, מסעי, Numbers, Bamidbar, Masei","ראשון, Rishon","בר מצווה, Bar Mitzvah, בת מצווה, Bat Mitzvah, אשכנז, Ashkenaz, לימוד תורה","קריאה בתורה, טעמי המקרא, טעמים, Torah Reading, במדבר, מסעי, Numbers, Bamidbar, Masei, ראשון, Rishon, בר מצווה, Bar Mitzvah, בת מצווה, Bat Mitzvah, אשכנז, Ashkenaz, לימוד תורה",18,174,34.8%
47,מסעי,Numbers,parasha,389,שני,2,"קריאה בתורה, טעמי המקרא, טעמים, Torah Reading","במדבר, מסעי, Numbers, Bamidbar, Masei","שני, Sheni","בר מצווה, Bar Mitzvah, בת מצווה, Bat Mitzvah, אשכנז, Ashkenaz, לימוד תורה","קריאה בתורה, טעמי המקרא, טעמים, Torah Reading, במדבר, מסעי, Numbers, Bamidbar, Masei, שני, Sheni, בר מצווה, Bar Mitzvah, בת מצווה, Bat Mitzvah, אשכנז, Ashkenaz, לימוד תורה",18,171,34.2%
47,מסעי,Numbers,parasha,390,שלישי,3,"קריאה בתורה, טעמי המקרא, טעמים, Torah Reading","במדבר, מסעי, Numbers, Bamidbar, Masei","שלישי, Shlishi","בר מצווה, Bar Mitzvah, בת מצווה, Bat Mitzvah, אשכנז, Ashkenaz, לימוד תורה","קריאה בתורה, טעמי המקרא, טעמים, Torah Reading, במדבר, מסעי, Numbers, Bamidbar, Masei, שלישי, Shlishi, בר מצווה, Bar Mitzvah, בת מצווה, Bat Mitzvah, אשכנז, Ashkenaz, לימוד תורה",18,175,35.0%
47,מסעי,Numbers,parasha,391,רביעי,4,"קריאה בתורה, טעמי המקרא, טעמים, Torah Reading","במדבר, מסעי, Numbers, Bamidbar, Masei","רביעי, Reviei","בר מצווה, Bar Mitzvah, בת מצווה, Bat Mitzvah, אשכנז, Ashkenaz, לימוד תורה","קריאה בתורה, טעמי המקרא, טעמים, Torah Reading, במדבר, מסעי, Numbers, Bamidbar, Masei, רביעי, Reviei, בר מצווה, Bar Mitzvah, בת מצווה, Bat Mitzvah, אשכנז, Ashkenaz, לימוד תורה",18,174,34.8%
47,מסעי,Numbers,parasha,392,חמישי,5,"קריאה בתורה, טעמי המקרא, טעמים, Torah Reading","במדבר, מסעי, Numbers, Bamidbar, Masei","חמישי, Chamishi","בר מצווה, Bar Mitzvah, בת מצווה, Bat Mitzvah, אשכנז, Ashkenaz, לימוד תורה","קריאה בתורה, טעמי המקרא, טעמים, Torah Reading, במדבר, מסעי, Numbers, Bamidbar, Masei, חמישי, Chamishi, בר מצווה, Bar Mitzvah, בת מצווה, Bat Mitzvah, אשכנז, Ashkenaz, לימוד תורה",18,176,35.2%
47,מסעי,Numbers,parasha,393,שישי,6,"קריאה בתורה, טעמי המקרא, טעמים, Torah Reading","במדבר, מסעי, Numbers, Bamidbar, Masei","שישי, Shishi","בר מצווה, Bar Mitzvah, בת מצווה, Bat Mitzvah, אשכנז, Ashkenaz, לימוד תורה","קריאה בתורה, טעמי המקרא, טעמים, Torah Reading, במדבר, מסעי, Numbers, Bamidbar, Masei, שישי, Shishi, בר מצווה, Bar Mitzvah, בת מצווה, Bat Mitzvah, אשכנז, Ashkenaz, לימוד תורה",18,173,34.6%
47,מסעי,Numbers,parasha,394,שביעי,7,"קריאה בתורה, טעמי המקרא, טעמים, Torah Reading","במדבר, מסעי, Numbers, Bamidbar, Masei","שביעי, Shevii","בר מצווה, Bar Mitzvah, בת מצווה, Bat Mitzvah, אשכנז, Ashkenaz, לימוד תורה","קריאה בתורה, טעמי המקרא, טעמים, Torah Reading, במדבר, מסעי, Numbers, Bamidbar, Masei, שביעי, Shevii, בר מצווה, Bar Mitzvah, בת מצווה, Bat Mitzvah, אשכנז, Ashkenaz, לימוד תורה",18,174,34.8%
47,מסעי,Numbers,parasha,395,מפטיר,8,"קריאה בתורה, טעמי המקרא, טעמים, Torah Reading","במדבר, מסעי, Numbers, Bamidbar, Masei","מפטיר, Maftir","בר מצווה, Bar Mitzvah, בת מצווה, Bat Mitzvah, אשכנז, Ashkenaz, לימוד תורה","קריאה בתורה, טעמי המקרא, טעמים, Torah Reading, במדבר, מסעי, Numbers, Bamidbar, Masei, מפטיר, Maftir, בר מצווה, Bar Mitzvah, בת מצווה, Bat Mitzvah, אשכנז, Ashkenaz, לימוד תורה",18,174,34.8%
47,מסעי,Numbers,parasha,396,הפטרה,9,"קריאה בתורה, טעמי המקרא, טעמים, Torah Reading","במדבר, מסעי, Numbers, Bamidbar, Masei","הפטרה, Haftara","בר מצווה, Bar Mitzvah, בת מצווה, Bat Mitzvah, אשכנז, Ashkenaz, לימוד תורה","קריאה בתורה, טעמי המקרא, טעמים, Torah Reading, במדבר, מסעי, Numbers, Bamidbar, Masei, הפטרה, Haftara, בר מצווה, Bar Mitzvah, בת מצווה, Bat Mitzvah, אשכנז, Ashkenaz, לימוד תורה",18,175,35.0%
48,דברים,Deuteronomy,parasha,397,ראשון,1,"קריאה בתורה, טעמי המקרא, טעמים, Torah Reading","דברים, דברים, Deuteronomy, Devarim, Devarim","ראשון, Rishon","בר מצווה, Bar Mitzvah, בת מצווה, Bat Mitzvah, אשכנז, Ashkenaz, לימוד תורה","קריאה בתורה, טעמי המקרא, טעמים, Torah Reading, דברים, דברים, Deuteronomy, Devarim, Devarim, ראשון, Rishon, בר מצווה, Bar Mitzvah, בת מצווה, Bat Mitzvah, אשכנז, Ashkenaz, לימוד תורה",18,180,36.0%
48,דברים,Deuteronomy,parasha,398,שני,2,"קריאה בתורה, טעמי המקרא, טעמים, Torah Reading","דברים, דברים, Deuteronomy, Devarim, Devarim","שני, Sheni","בר מצווה, Bar Mitzvah, בת מצווה, Bat Mitzvah, אשכנז, Ashkenaz, לימוד תורה","קריאה בתורה, טעמי המקרא, טעמים, Torah Reading, דברים, דברים, Deuteronomy, Devarim, Devarim, שני, Sheni, בר מצווה, Bar Mitzvah, בת מצווה, Bat Mitzvah, אשכנז, Ashkenaz, לימוד תורה",18,177,35.4%
48,דברים,Deuteronomy,parasha,399,שלישי,3,"קריאה בתורה, טעמי המקרא, טעמים, Torah Reading","דברים, דברים, Deuteronomy, Devarim, Devarim","שלישי, Shlishi","בר מצווה, Bar Mitzvah, בת מצווה, Bat Mitzvah, אשכנז, Ashkenaz, לימוד תורה","קריאה בתורה, טעמי המקרא, טעמים, Torah Reading, דברים, דברים, Deuteronomy, Devarim, Devarim, שלישי, Shlishi, בר מצווה, Bar Mitzvah, בת מצווה, Bat Mitzvah, אשכנז, Ashkenaz, לימוד תורה",18,181,36.2%
48,דברים,Deuteronomy,parasha,400,רביעי,4,"קריאה בתורה, טעמי המקרא, טעמים, Torah Reading","דברים, דברים, Deuteronomy, Devarim, Devarim","רביעי, Reviei","בר מצווה, Bar Mitzvah, בת מצווה, Bat Mitzvah, אשכנז, Ashkenaz, לימוד תורה","קריאה בתורה, טעמי המקרא, טעמים, Torah Reading, דברים, דברים, Deuteronomy, Devarim, Devarim, רביעי, Reviei, בר מצווה, Bar Mitzvah, בת מצווה, Bat Mitzvah, אשכנז, Ashkenaz, לימוד תורה",18,180,36.0%
48,דברים,Deuteronomy,parasha,401,חמישי,5,"קריאה בתורה, טעמי המקרא, טעמים, Torah Reading","דברים, דברים, Deuteronomy, Devarim, Devarim","חמישי, Chamishi","בר מצווה, Bar Mitzvah, בת מצווה, Bat Mitzvah, אשכנז, Ashkenaz, לימוד תורה","קריאה בתורה, טעמי המקרא, טעמים, Torah Reading, דברים, דברים, Deuteronomy, Devarim, Devarim, חמישי, Chamishi, בר מצווה, Bar Mitzvah, בת מצווה, Bat Mitzvah, אשכנז, Ashkenaz, לימוד תורה",18,182,36.4%
48,דברים,Deuteronomy,parasha,402,שישי,6,"קריאה בתורה, טעמי המקרא, טעמים, Torah Reading","דברים, דברים, Deuteronomy, Devarim, Devarim","שישי, Shishi","בר מצווה, Bar Mitzvah, בת מצווה, Bat Mitzvah, אשכנז, Ashkenaz, לימוד תורה","קריאה בתורה, טעמי המקרא, טעמים, Torah Reading, דברים, דברים, Deuteronomy, Devarim, Devarim, שישי, Shishi, בר מצווה, Bar Mitzvah, בת מצווה, Bat Mitzvah, אשכנז, Ashkenaz, לימוד תורה",18,179,35.8%
48,דברים,Deuteronomy,parasha,403,שביעי,7,"קריאה בתורה, טעמי המקרא, טעמים, Torah Reading","דברים, דברים, Deuteronomy, Devarim, Devarim","שביעי, Shevii","בר מצווה, Bar Mitzvah, בת מצווה, Bat Mitzvah, אשכנז, Ashkenaz, לימוד תורה","קריאה בתורה, טעמי המקרא, טעמים, Torah Reading, דברים, דברים, Deuteronomy, Devarim, Devarim, שביעי, Shevii, בר מצווה, Bar Mitzvah, בת מצווה, Bat Mitzvah, אשכנז, Ashkenaz, לימוד תורה",18,180,36.0%
48,דברים,Deuteronomy,parasha,404,מפטיר,8,"קריאה בתורה, טעמי המקרא, טעמים, Torah Reading","דברים, דברים, Deuteronomy, Devarim, Devarim","מפטיר, Maftir","בר מצווה, Bar Mitzvah, בת מצווה, Bat Mitzvah, אשכנז, Ashkenaz, לימוד תורה","קריאה בתורה, טעמי המקרא, טעמים, Torah Reading, דברים, דברים, Deuteronomy, Devarim, Devarim, מפטיר, Maftir, בר מצווה, Bar Mitzvah, בת מצווה, Bat Mitzvah, אשכנז, Ashkenaz, לימוד תורה",18,180,36.0%
48,דברים,Deuteronomy,parasha,405,הפטרה,9,"קריאה בתורה, טעמי המקרא, טעמים, Torah Reading","דברים, דברים, Deuteronomy, Devarim, Devarim","הפטרה, Haftara","בר מצווה, Bar Mitzvah, בת מצווה, Bat Mitzvah, אשכנז, Ashkenaz, לימוד תורה","קריאה בתורה, טעמי המקרא, טעמים, Torah Reading, דברים, דברים, Deuteronomy, Devarim, Devarim, הפטרה, Haftara, בר מצווה, Bar Mitzvah, בת מצווה, Bat Mitzvah, אשכנז, Ashkenaz, לימוד תורה",18,181,36.2%
49,ואתחנן,Deuteronomy,parasha,406,ראשון,1,"קריאה בתורה, טעמי המקרא, טעמים, Torah Reading","דברים, ואתחנן, Deuteronomy, Devarim, Vaetchanan","ראשון, Rishon","בר מצווה, Bar Mitzvah, בת מצווה, Bat Mitzvah, אשכנז, Ashkenaz, לימוד תורה","קריאה בתורה, טעמי המקרא, טעמים, Torah Reading, דברים, ואתחנן, Deuteronomy, Devarim, Vaetchanan, ראשון, Rishon, בר מצווה, Bar Mitzvah, בת מצווה, Bat Mitzvah, אשכנז, Ashkenaz, לימוד תורה",18,184,36.8%
49,ואתחנן,Deuteronomy,parasha,407,שני,2,"קריאה בתורה, טעמי המקרא, טעמים, Torah Reading","דברים, ואתחנן, Deuteronomy, Devarim, Vaetchanan","שני, Sheni","בר מצווה, Bar Mitzvah, בת מצווה, Bat Mitzvah, אשכנז, Ashkenaz, לימוד תורה","קריאה בתורה, טעמי המקרא, טעמים, Torah Reading, דברים, ואתחנן, Deuteronomy, Devarim, Vaetchanan, שני, Sheni, בר מצווה, Bar Mitzvah, בת מצווה, Bat Mitzvah, אשכנז, Ashkenaz, לימוד תורה",18,181,36.2%
49,ואתחנן,Deuteronomy,parasha,408,שלישי,3,"קריאה בתורה, טעמי המקרא, טעמים, Torah Reading","דברים, ואתחנן, Deuteronomy, Devarim, Vaetchanan","שלישי, Shlishi","בר מצווה, Bar Mitzvah, בת מצווה, Bat Mitzvah, אשכנז, Ashkenaz, לימוד תורה","קריאה בתורה, טעמי המקרא, טעמים, Torah Reading, דברים, ואתחנן, Deuteronomy, Devarim, Vaetchanan, שלישי, Shlishi, בר מצווה, Bar Mitzvah, בת מצווה, Bat Mitzvah, אשכנז, Ashkenaz, לימוד תורה",18,185,37.0%
49,ואתחנן,Deuteronomy,parasha,409,רביעי,4,"קריאה בתורה, טעמי המקרא, טעמים, Torah Reading","דברים, ואתחנן, Deuteronomy, Devarim, Vaetchanan","רביעי, Reviei","בר מצווה, Bar Mitzvah, בת מצווה, Bat Mitzvah, אשכנז, Ashkenaz, לימוד תורה","קריאה בתורה, טעמי המקרא, טעמים, Torah Reading, דברים, ואתחנן, Deuteronomy, Devarim, Vaetchanan, רביעי, Reviei, בר מצווה, Bar Mitzvah, בת מצווה, Bat Mitzvah, אשכנז, Ashkenaz, לימוד תורה",18,184,36.8%
49,ואתחנן,Deuteronomy,parasha,410,חמישי,5,"קריאה בתורה, טעמי המקרא, טעמים, Torah Reading","דברים, ואתחנן, Deuteronomy, Devarim, Vaetchanan","חמישי, Chamishi","בר מצווה, Bar Mitzvah, בת מצווה, Bat Mitzvah, אשכנז, Ashkenaz, לימוד תורה","קריאה בתורה, טעמי המקרא, טעמים, Torah Reading, דברים, ואתחנן, Deuteronomy, Devarim, Vaetchanan, חמישי, Chamishi, בר מצווה, Bar Mitzvah, בת מצווה, Bat Mitzvah, אשכנז, Ashkenaz, לימוד תורה",18,186,37.2%
49,ואתחנן,Deuteronomy,parasha,411,שישי,6,"קריאה בתורה, טעמי המקרא, טעמים, Torah Reading","דברים, ואתחנן, Deuteronomy, Devarim, Vaetchanan","שישי, Shishi","בר מצווה, Bar Mitzvah, בת מצווה, Bat Mitzvah, אשכנז, Ashkenaz, לימוד תורה","קריאה בתורה, טעמי המקרא, טעמים, Torah Reading, דברים, ואתחנן, Deuteronomy, Devarim, Vaetchanan, שישי, Shishi, בר מצווה, Bar Mitzvah, בת מצווה, Bat Mitzvah, אשכנז, Ashkenaz, לימוד תורה",18,183,36.6%
49,ואתחנן,Deuteronomy,parasha,412,שביעי,7,"קריאה בתורה, טעמי המקרא, טעמים, Torah Reading","דברים, ואתחנן, Deuteronomy, Devarim, Vaetchanan","שביעי, Shevii","בר מצווה, Bar Mitzvah, בת מצווה, Bat Mitzvah, אשכנז, Ashkenaz, לימוד תורה","קריאה בתורה, טעמי המקרא, טעמים, Torah Reading, דברים, ואתחנן, Deuteronomy, Devarim, Vaetchanan, שביעי, Shevii, בר מצווה, Bar Mitzvah, בת מצווה, Bat Mitzvah, אשכנז, Ashkenaz, לימוד תורה",18,184,36.8%
49,ואתחנן,Deuteronomy,parasha,413,מפטיר,8,"קריאה בתורה, טעמי המקרא, טעמים, Torah Reading","דברים, ואתחנן, Deuteronomy, Devarim, Vaetchanan","מפטיר, Maftir","בר מצווה, Bar Mitzvah, בת מצווה, Bat Mitzvah, אשכנז, Ashkenaz, לימוד תורה","קריאה בתורה, טעמי המקרא, טעמים, Torah Reading, דברים, ואתחנן, Deuteronomy, Devarim, Vaetchanan, מפטיר, Maftir, בר מצווה, Bar Mitzvah, בת מצווה, Bat Mitzvah, אשכנז, Ashkenaz, לימוד תורה",18,184,36.8%
49,ואתחנן,Deuteronomy,parasha,414,הפטרה,9,"קריאה בתורה, טעמי המקרא, טעמים, Torah Reading","דברים, ואתחנן, Deuteronomy, Devarim, Vaetchanan","הפטרה, Haftara","בר מצווה, Bar Mitzvah, בת מצווה, Bat Mitzvah, אשכנז, Ashkenaz, לימוד תורה","קריאה בתורה, טעמי המקרא, טעמים, Torah Reading, דברים, ואתחנן, Deuteronomy, Devarim, Vaetchanan, הפטרה, Haftara, בר מצווה, Bar Mitzvah, בת מצווה, Bat Mitzvah, אשכנז, Ashkenaz, לימוד תורה",18,185,37.0%
50,עקב,Deuteronomy,parasha,415,ראשון,1,"קריאה בתורה, טעמי המקרא, טעמים, Torah Reading","דברים, עקב, Deuteronomy, Devarim, Eikev","ראשון, Rishon","בר מצווה, Bar Mitzvah, בת מצווה, Bat Mitzvah, אשכנז, Ashkenaz, לימוד תורה","קריאה בתורה, טעמי המקרא, טעמים, Torah Reading, דברים, עקב, Deuteronomy, Devarim, Eikev, ראשון, Rishon, בר מצווה, Bar Mitzvah, בת מצווה, Bat Mitzvah, אשכנז, Ashkenaz, לימוד תורה",18,176,35.2%
50,עקב,Deuteronomy,parasha,416,שני,2,"קריאה בתורה, טעמי המקרא, טעמים, Torah Reading","דברים, עקב, Deuteronomy, Devarim, Eikev","שני, Sheni","בר מצווה, Bar Mitzvah, בת מצווה, Bat Mitzvah, אשכנז, Ashkenaz, לימוד תורה","קריאה בתורה, טעמי המקרא, טעמים, Torah Reading, דברים, עקב, Deuteronomy, Devarim, Eikev, שני, Sheni, בר מצווה, Bar Mitzvah, בת מצווה, Bat Mitzvah, אשכנז, Ashkenaz, לימוד תורה",18,173,34.6%
50,עקב,Deuteronomy,parasha,417,שלישי,3,"קריאה בתורה, טעמי המקרא, טעמים, Torah Reading","דברים, עקב, Deuteronomy, Devarim, Eikev","שלישי, Shlishi","בר מצווה, Bar Mitzvah, בת מצווה, Bat Mitzvah, אשכנז, Ashkenaz, לימוד תורה","קריאה בתורה, טעמי המקרא, טעמים, Torah Reading, דברים, עקב, Deuteronomy, Devarim, Eikev, שלישי, Shlishi, בר מצווה, Bar Mitzvah, בת מצווה, Bat Mitzvah, אשכנז, Ashkenaz, לימוד תורה",18,177,35.4%
50,עקב,Deuteronomy,parasha,418,רביעי,4,"קריאה בתורה, טעמי המקרא, טעמים, Torah Reading","דברים, עקב, Deuteronomy, Devarim, Eikev","רביעי, Reviei","בר מצווה, Bar Mitzvah, בת מצווה, Bat Mitzvah, אשכנז, Ashkenaz, לימוד תורה","קריאה בתורה, טעמי המקרא, טעמים, Torah Reading, דברים, עקב, Deuteronomy, Devarim, Eikev, רביעי, Reviei, בר מצווה, Bar Mitzvah, בת מצווה, Bat Mitzvah, אשכנז, Ashkenaz, לימוד תורה",18,176,35.2%
50,עקב,Deuteronomy,parasha,419,חמישי,5,"קריאה בתורה, טעמי המקרא, טעמים, Torah Reading","דברים, עקב, Deuteronomy, Devarim, Eikev","חמישי, Chamishi","בר מצווה, Bar Mitzvah, בת מצווה, Bat Mitzvah, אשכנז, Ashkenaz, לימוד תורה","קריאה בתורה, טעמי המקרא, טעמים, Torah Reading, דברים, עקב, Deuteronomy, Devarim, Eikev, חמישי, Chamishi, בר מצווה, Bar Mitzvah, בת מצווה, Bat Mitzvah, אשכנז, Ashkenaz, לימוד תורה",18,178,35.6%
50,עקב,Deuteronomy,parasha,420,שישי,6,"קריאה בתורה, טעמי המקרא, טעמים, Torah Reading","דברים, עקב, Deuteronomy, Devarim, Eikev","שישי, Shishi","בר מצווה, Bar Mitzvah, בת מצווה, Bat Mitzvah, אשכנז, Ashkenaz, לימוד תורה","קריאה בתורה, טעמי המקרא, טעמים, Torah Reading, דברים, עקב, Deuteronomy, Devarim, Eikev, שישי, Shishi, בר מצווה, Bar Mitzvah, בת מצווה, Bat Mitzvah, אשכנז, Ashkenaz, לימוד תורה",18,175,35.0%
50,עקב,Deuteronomy,parasha,421,שביעי,7,"קריאה בתורה, טעמי המקרא, טעמים, Torah Reading","דברים, עקב, Deuteronomy, Devarim, Eikev","שביעי, Shevii","בר מצווה, Bar Mitzvah, בת מצווה, Bat Mitzvah, אשכנז, Ashkenaz, לימוד תורה","קריאה בתורה, טעמי המקרא, טעמים, Torah Reading, דברים, עקב, Deuteronomy, Devarim, Eikev, שביעי, Shevii, בר מצווה, Bar Mitzvah, בת מצווה, Bat Mitzvah, אשכנז, Ashkenaz, לימוד תורה",18,176,35.2%
50,עקב,Deuteronomy,parasha,422,מפטיר,8,"קריאה בתורה, טעמי המקרא, טעמים, Torah Reading","דברים, עקב, Deuteronomy, Devarim, Eikev","מפטיר, Maftir","בר מצווה, Bar Mitzvah, בת מצווה, Bat Mitzvah, אשכנז, Ashkenaz, לימוד תורה","קריאה בתורה, טעמי המקרא, טעמים, Torah Reading, דברים, עקב, Deuteronomy, Devarim, Eikev, מפטיר, Maftir, בר מצווה, Bar Mitzvah, בת מצווה, Bat Mitzvah, אשכנז, Ashkenaz, לימוד תורה",18,176,35.2%
50,עקב,Deuteronomy,parasha,423,הפטרה,9,"קריאה בתורה, טעמי המקרא, טעמים, Torah Reading","דברים, עקב, Deuteronomy, Devarim, Eikev","הפטרה, Haftara","בר מצווה, Bar Mitzvah, בת מצווה, Bat Mitzvah, אשכנז, Ashkenaz, לימוד תורה","קריאה בתורה, טעמי המקרא, טעמים, Torah Reading, דברים, עקב, Deuteronomy, Devarim, Eikev, הפטרה, Haftara, בר מצווה, Bar Mitzvah, בת מצווה, Bat Mitzvah, אשכנז, Ashkenaz, לימוד תורה",18,177,35.4%
51,ראה,Deuteronomy,parasha,424,ראשון,1,"קריאה בתורה, טעמי המקרא, טעמים, Torah Reading","דברים, ראה, Deuteronomy, Devarim, Re'eh","ראשון, Rishon","בר מצווה, Bar Mitzvah, בת מצווה, Bat Mitzvah, אשכנז, Ashkenaz, לימוד תורה","קריאה בתורה, טעמי המקרא, טעמים, Torah Reading, דברים, ראה, Deuteronomy, Devarim, Re'eh, ראשון, Rishon, בר מצווה, Bar Mitzvah, בת מצווה, Bat Mitzvah, אשכנז, Ashkenaz, לימוד תורה",18,176,35.2%
51,ראה,Deuteronomy,parasha,425,שני,2,"קריאה בתורה, טעמי המקרא, טעמים, Torah Reading","דברים, ראה, Deuteronomy, Devarim, Re'eh","שני, Sheni","בר מצווה, Bar Mitzvah, בת מצווה, Bat Mitzvah, אשכנז, Ashkenaz, לימוד תורה","קריאה בתורה, טעמי המקרא, טעמים, Torah Reading, דברים, ראה, Deuteronomy, Devarim, Re'eh, שני, Sheni, בר מצווה, Bar Mitzvah, בת מצווה, Bat Mitzvah, אשכנז, Ashkenaz, לימוד תורה",18,173,34.6%
51,ראה,Deuteronomy,parasha,426,שלישי,3,"קריאה בתורה, טעמי המקרא, טעמים, Torah Reading","דברים, ראה, Deuteronomy, Devarim, Re'eh","שלישי, Shlishi","בר מצווה, Bar Mitzvah, בת מצווה, Bat Mitzvah, אשכנז, Ashkenaz, לימוד תורה","קריאה בתורה, טעמי המקרא, טעמים, Torah Reading, דברים, ראה, Deuteronomy, Devarim, Re'eh, שלישי, Shlishi, בר מצווה, Bar Mitzvah, בת מצווה, Bat Mitzvah, אשכנז, Ashkenaz, לימוד תורה",18,177,35.4%
51,ראה,Deuteronomy,parasha,427,רביעי,4,"קריאה בתורה, טעמי המקרא, טעמים, Torah Reading","דברים, ראה, Deuteronomy, Devarim, Re'eh","רביעי, Reviei","בר מצווה, Bar Mitzvah, בת מצווה, Bat Mitzvah, אשכנז, Ashkenaz, לימוד תורה","קריאה בתורה, טעמי המקרא, טעמים, Torah Reading, דברים, ראה, Deuteronomy, Devarim, Re'eh, רביעי, Reviei, בר מצווה, Bar Mitzvah, בת מצווה, Bat Mitzvah, אשכנז, Ashkenaz, לימוד תורה",18,176,35.2%
51,ראה,Deuteronomy,parasha,428,חמישי,5,"קריאה בתורה, טעמי המקרא, טעמים, Torah Reading","דברים, ראה, Deuteronomy, Devarim, Re'eh","חמישי, Chamishi","בר מצווה, Bar Mitzvah, בת מצווה, Bat Mitzvah, אשכנז, Ashkenaz, לימוד תורה","קריאה בתורה, טעמי המקרא, טעמים, Torah Reading, דברים, ראה, Deuteronomy, Devarim, Re'eh, חמישי, Chamishi, בר מצווה, Bar Mitzvah, בת מצווה, Bat Mitzvah, אשכנז, Ashkenaz, לימוד תורה",18,178,35.6%
51,ראה,Deuteronomy,parasha,429,שישי,6,"קריאה בתורה, טעמי המקרא, טעמים, Torah Reading","דברים, ראה, Deuteronomy, Devarim, Re'eh","שישי, Shishi","בר מצווה, Bar Mitzvah, בת מצווה, Bat Mitzvah, אשכנז, Ashkenaz, לימוד תורה","קריאה בתורה, טעמי המקרא, טעמים, Torah Reading, דברים, ראה, Deuteronomy, Devarim, Re'eh, שישי, Shishi, בר מצווה, Bar Mitzvah, בת מצווה, Bat Mitzvah, אשכנז, Ashkenaz, לימוד תורה",18,175,35.0%
51,ראה,Deuteronomy,parasha,430,שביעי,7,"קריאה בתורה, טעמי המקרא, טעמים, Torah Reading","דברים, ראה, Deuteronomy, Devarim, Re'eh","שביעי, Shevii","בר מצווה, Bar Mitzvah, בת מצווה, Bat Mitzvah, אשכנז, Ashkenaz, לימוד תורה","קריאה בתורה, טעמי המקרא, טעמים, Torah Reading, דברים, ראה, Deuteronomy, Devarim, Re'eh, שביעי, Shevii, בר מצווה, Bar Mitzvah, בת מצווה, Bat Mitzvah, אשכנז, Ashkenaz, לימוד תורה",18,176,35.2%
51,ראה,Deuteronomy,parasha,431,מפטיר,8,"קריאה בתורה, טעמי המקרא, טעמים, Torah Reading","דברים, ראה, Deuteronomy, Devarim, Re'eh","מפטיר, Maftir","בר מצווה, Bar Mitzvah, בת מצווה, Bat Mitzvah, אשכנז, Ashkenaz, לימוד תורה","קריאה בתורה, טעמי המקרא, טעמים, Torah Reading, דברים, ראה, Deuteronomy, Devarim, Re'eh, מפטיר, Maftir, בר מצווה, Bar Mitzvah, בת מצווה, Bat Mitzvah, אשכנז, Ashkenaz, לימוד תורה",18,176,35.2%
51,ראה,Deuteronomy,parasha,432,הפטרה,9,"קריאה בתורה, טעמי המקרא, טעמים, Torah Reading","דברים, ראה, Deuteronomy, Devarim, Re'eh","הפטרה, Haftara","בר מצווה, Bar Mitzvah, בת מצווה, Bat Mitzvah, אשכנז, Ashkenaz, לימוד תורה","קריאה בתורה, טעמי המקרא, טעמים, Torah Reading, דברים, ראה, Deuteronomy, Devarim, Re'eh, הפטרה, Haftara, בר מצווה, Bar Mitzvah, בת מצווה, Bat Mitzvah, אשכנז, Ashkenaz, לימוד תורה",18,177,35.4%
52,שופטים,Deuteronomy,parasha,433,ראשון,1,"קריאה בתורה, טעמי המקרא, טעמים, Torah Reading","דברים, שופטים, Deuteronomy, Devarim, Shoftim","ראשון, Rishon","בר מצווה, Bar Mitzvah, בת מצווה, Bat Mitzvah, אשכנז, Ashkenaz, לימוד תורה","קריאה בתורה, טעמי המקרא, טעמים, Torah Reading, דברים, שופטים, Deuteronomy, Devarim, Shoftim, ראשון, Rishon, בר מצווה, Bar Mitzvah, בת מצווה, Bat Mitzvah, אשכנז, Ashkenaz, לימוד תורה",18,181,36.2%
52,שופטים,Deuteronomy,parasha,434,שני,2,"קריאה בתורה, טעמי המקרא, טעמים, Torah Reading","דברים, שופטים, Deuteronomy, Devarim, Shoftim","שני, Sheni","בר מצווה, Bar Mitzvah, בת מצווה, Bat Mitzvah, אשכנז, Ashkenaz, לימוד תורה","קריאה בתורה, טעמי המקרא, טעמים, Torah Reading, דברים, שופטים, Deuteronomy, Devarim, Shoftim, שני, Sheni, בר מצווה, Bar Mitzvah, בת מצווה, Bat Mitzvah, אשכנז, Ashkenaz, לימוד תורה",18,178,35.6%
52,שופטים,Deuteronomy,parasha,435,שלישי,3,"קריאה בתורה, טעמי המקרא, טעמים, Torah Reading","דברים, שופטים, Deuteronomy, Devarim, Shoftim","שלישי, Shlishi","בר מצווה, Bar Mitzvah, בת מצווה, Bat Mitzvah, אשכנז, Ashkenaz, לימוד תורה","קריאה בתורה, טעמי המקרא, טעמים, Torah Reading, דברים, שופטים, Deuteronomy, Devarim, Shoftim, שלישי, Shlishi, בר מצווה, Bar Mitzvah, בת מצווה, Bat Mitzvah, אשכנז, Ashkenaz, לימוד תורה",18,182,36.4%
52,שופטים,Deuteronomy,parasha,436,רביעי,4,"קריאה בתורה, טעמי המקרא, טעמים, Torah Reading","דברים, שופטים, Deuteronomy, Devarim, Shoftim","רביעי, Reviei","בר מצווה, Bar Mitzvah, בת מצווה, Bat Mitzvah, אשכנז, Ashkenaz, לימוד תורה","קריאה בתורה, טעמי המקרא, טעמים, Torah Reading, דברים, שופטים, Deuteronomy, Devarim, Shoftim, רביעי, Reviei, בר מצווה, Bar Mitzvah, בת מצווה, Bat Mitzvah, אשכנז, Ashkenaz, לימוד תורה",18,181,36.2%
52,שופטים,Deuteronomy,parasha,437,חמישי,5,"קריאה בתורה, טעמי המקרא, טעמים, Torah Reading","דברים, שופטים, Deuteronomy, Devarim, Shoftim","חמישי, Chamishi","בר מצווה, Bar Mitzvah, בת מצווה, Bat Mitzvah, אשכנז, Ashkenaz, לימוד תורה","קריאה בתורה, טעמי המקרא, טעמים, Torah Reading, דברים, שופטים, Deuteronomy, Devarim, Shoftim, חמישי, Chamishi, בר מצווה, Bar Mitzvah, בת מצווה, Bat Mitzvah, אשכנז, Ashkenaz, לימוד תורה",18,183,36.6%
52,שופטים,Deuteronomy,parasha,438,שישי,6,"קריאה בתורה, טעמי המקרא, טעמים, Torah Reading","דברים, שופטים, Deuteronomy, Devarim, Shoftim","שישי, Shishi","בר מצווה, Bar Mitzvah, בת מצווה, Bat Mitzvah, אשכנז, Ashkenaz, לימוד תורה","קריאה בתורה, טעמי המקרא, טעמים, Torah Reading, דברים, שופטים, Deuteronomy, Devarim, Shoftim, שישי, Shishi, בר מצווה, Bar Mitzvah, בת מצווה, Bat Mitzvah, אשכנז, Ashkenaz, לימוד תורה",18,180,36.0%
52,שופטים,Deuteronomy,parasha,439,שביעי,7,"קריאה בתורה, טעמי המקרא, טעמים, Torah Reading","דברים, שופטים, Deuteronomy, Devarim, Shoftim","שביעי, Shevii","בר מצווה, Bar Mitzvah, בת מצווה, Bat Mitzvah, אשכנז, Ashkenaz, לימוד תורה","קריאה בתורה, טעמי המקרא, טעמים, Torah Reading, דברים, שופטים, Deuteronomy, Devarim, Shoftim, שביעי, Shevii, בר מצווה, Bar Mitzvah, בת מצווה, Bat Mitzvah, אשכנז, Ashkenaz, לימוד תורה",18,181,36.2%
52,שופטים,Deuteronomy,parasha,440,מפטיר,8,"קריאה בתורה, טעמי המקרא, טעמים, Torah Reading","דברים, שופטים, Deuteronomy, Devarim, Shoftim","מפטיר, Maftir","בר מצווה, Bar Mitzvah, בת מצווה, Bat Mitzvah, אשכנז, Ashkenaz, לימוד תורה","קריאה בתורה, טעמי המקרא, טעמים, Torah Reading, דברים, שופטים, Deuteronomy, Devarim, Shoftim, מפטיר, Maftir, בר מצווה, Bar Mitzvah, בת מצווה, Bat Mitzvah, אשכנז, Ashkenaz, לימוד תורה",18,181,36.2%
52,שופטים,Deuteronomy,parasha,441,הפטרה,9,"קריאה בתורה, טעמי המקרא, טעמים, Torah Reading","דברים, שופטים, Deuteronomy, Devarim, Shoftim","הפטרה, Haftara","בר מצווה, Bar Mitzvah, בת מצווה, Bat Mitzvah, אשכנז, Ashkenaz, לימוד תורה","קריאה בתורה, טעמי המקרא, טעמים, Torah Reading, דברים, שופטים, Deuteronomy, Devarim, Shoftim, הפטרה, Haftara, בר מצווה, Bar Mitzvah, בת מצווה, Bat Mitzvah, אשכנז, Ashkenaz, לימוד תורה",18,182,36.4%
53,כי תצא,Deuteronomy,parasha,442,ראשון,1,"קריאה בתורה, טעמי המקרא, טעמים, Torah Reading","דברים, כי תצא, Deuteronomy, Devarim, Ki Teitzei","ראשון, Rishon","בר מצווה, Bar Mitzvah, בת מצווה, Bat Mitzvah, אשכנז, Ashkenaz, לימוד תורה","קריאה בתורה, טעמי המקרא, טעמים, Torah Reading, דברים, כי תצא, Deuteronomy, Devarim, Ki Teitzei, ראשון, Rishon, בר מצווה, Bar Mitzvah, בת מצווה, Bat Mitzvah, אשכנז, Ashkenaz, לימוד תורה",18,184,36.8%
53,כי תצא,Deuteronomy,parasha,443,שני,2,"קריאה בתורה, טעמי המקרא, טעמים, Torah Reading","דברים, כי תצא, Deuteronomy, Devarim, Ki Teitzei","שני, Sheni","בר מצווה, Bar Mitzvah, בת מצווה, Bat Mitzvah, אשכנז, Ashkenaz, לימוד תורה","קריאה בתורה, טעמי המקרא, טעמים, Torah Reading, דברים, כי תצא, Deuteronomy, Devarim, Ki Teitzei, שני, Sheni, בר מצווה, Bar Mitzvah, בת מצווה, Bat Mitzvah, אשכנז, Ashkenaz, לימוד תורה",18,181,36.2%
53,כי תצא,Deuteronomy,parasha,444,שלישי,3,"קריאה בתורה, טעמי המקרא, טעמים, Torah Reading","דברים, כי תצא, Deuteronomy, Devarim, Ki Teitzei","שלישי, Shlishi","בר מצווה, Bar Mitzvah, בת מצווה, Bat Mitzvah, אשכנז, Ashkenaz, לימוד תורה","קריאה בתורה, טעמי המקרא, טעמים, Torah Reading, דברים, כי תצא, Deuteronomy, Devarim, Ki Teitzei, שלישי, Shlishi, בר מצווה, Bar Mitzvah, בת מצווה, Bat Mitzvah, אשכנז, Ashkenaz, לימוד תורה",18,185,37.0%
53,כי תצא,Deuteronomy,parasha,445,רביעי,4,"קריאה בתורה, טעמי המקרא, טעמים, Torah Reading","דברים, כי תצא, Deuteronomy, Devarim, Ki Teitzei","רביעי, Reviei","בר מצווה, Bar Mitzvah, בת מצווה, Bat Mitzvah, אשכנז, Ashkenaz, לימוד תורה","קריאה בתורה, טעמי המקרא, טעמים, Torah Reading, דברים, כי תצא, Deuteronomy, Devarim, Ki Teitzei, רביעי, Reviei, בר מצווה, Bar Mitzvah, בת מצווה, Bat Mitzvah, אשכנז, Ashkenaz, לימוד תורה",18,184,36.8%
53,כי תצא,Deuteronomy,parasha,446,חמישי,5,"קריאה בתורה, טעמי המקרא, טעמים, Torah Reading","דברים, כי תצא, Deuteronomy, Devarim, Ki Teitzei","חמישי, Chamishi","בר מצווה, Bar Mitzvah, בת מצווה, Bat Mitzvah, אשכנז, Ashkenaz, לימוד תורה","קריאה בתורה, טעמי המקרא, טעמים, Torah Reading, דברים, כי תצא, Deuteronomy, Devarim, Ki Teitzei, חמישי, Chamishi, בר מצווה, Bar Mitzvah, בת מצווה, Bat Mitzvah, אשכנז, Ashkenaz, לימוד תורה",18,186,37.2%
53,כי תצא,Deuteronomy,parasha,447,שישי,6,"קריאה בתורה, טעמי המקרא, טעמים, Torah Reading","דברים, כי תצא, Deuteronomy, Devarim, Ki Teitzei","שישי, Shishi","בר מצווה, Bar Mitzvah, בת מצווה, Bat Mitzvah, אשכנז, Ashkenaz, לימוד תורה","קריאה בתורה, טעמי המקרא, טעמים, Torah Reading, דברים, כי תצא, Deuteronomy, Devarim, Ki Teitzei, שישי, Shishi, בר מצווה, Bar Mitzvah, בת מצווה, Bat Mitzvah, אשכנז, Ashkenaz, לימוד תורה",18,183,36.6%
53,כי תצא,Deuteronomy,parasha,448,שביעי,7,"קריאה בתורה, טעמי המקרא, טעמים, Torah Reading","דברים, כי תצא, Deuteronomy, Devarim, Ki Teitzei","שביעי, Shevii","בר מצווה, Bar Mitzvah, בת מצווה, Bat Mitzvah, אשכנז, Ashkenaz, לימוד תורה","קריאה בתורה, טעמי המקרא, טעמים, Torah Reading, דברים, כי תצא, Deuteronomy, Devarim, Ki Teitzei, שביעי, Shevii, בר מצווה, Bar Mitzvah, בת מצווה, Bat Mitzvah, אשכנז, Ashkenaz, לימוד תורה",18,184,36.8%
53,כי תצא,Deuteronomy,parasha,449,מפטיר,8,"קריאה בתורה, טעמי המקרא, טעמים, Torah Reading","דברים, כי תצא, Deuteronomy, Devarim, Ki Teitzei","מפטיר, Maftir","בר מצווה, Bar Mitzvah, בת מצווה, Bat Mitzvah, אשכנז, Ashkenaz, לימוד תורה","קריאה בתורה, טעמי המקרא, טעמים, Torah Reading, דברים, כי תצא, Deuteronomy, Devarim, Ki Teitzei, מפטיר, Maftir, בר מצווה, Bar Mitzvah, בת מצווה, Bat Mitzvah, אשכנז, Ashkenaz, לימוד תורה",18,184,36.8%
53,כי תצא,Deuteronomy,parasha,450,הפטרה,9,"קריאה בתורה, טעמי המקרא, טעמים, Torah Reading","דברים, כי תצא, Deuteronomy, Devarim, Ki Teitzei","הפטרה, Haftara","בר מצווה, Bar Mitzvah, בת מצווה, Bat Mitzvah, אשכנז, Ashkenaz, לימוד תורה","קריאה בתורה, טעמי המקרא, טעמים, Torah Reading, דברים, כי תצא, Deuteronomy, Devarim, Ki Teitzei, הפטרה, Haftara, בר מצווה, Bar Mitzvah, בת מצווה, Bat Mitzvah, אשכנז, Ashkenaz, לימוד תורה",18,185,37.0%
54,כי תבוא,Deuteronomy,parasha,451,ראשון,1,"קריאה בתורה, טעמי המקרא, טעמים, Torah Reading","דברים, כי תבוא, Deuteronomy, Devarim, Ki Tavo","ראשון, Rishon","בר מצווה, Bar Mitzvah, בת מצווה, Bat Mitzvah, אשכנז, Ashkenaz, לימוד תורה","קריאה בתורה, טעמי המקרא, טעמים, Torah Reading, דברים, כי תבוא, Deuteronomy, Devarim, Ki Tavo, ראשון, Rishon, בר מצווה, Bar Mitzvah, בת מצווה, Bat Mitzvah, אשכנז, Ashkenaz, לימוד תורה",18,182,36.4%
54,כי תבוא,Deuteronomy,parasha,452,שני,2,"קריאה בתורה, טעמי המקרא, טעמים, Torah Reading","דברים, כי תבוא, Deuteronomy, Devarim, Ki Tavo","שני, Sheni","בר מצווה, Bar Mitzvah, בת מצווה, Bat Mitzvah, אשכנז, Ashkenaz, לימוד תורה","קריאה בתורה, טעמי המקרא, טעמים, Torah Reading, דברים, כי תבוא, Deuteronomy, Devarim, Ki Tavo, שני, Sheni, בר מצווה, Bar Mitzvah, בת מצווה, Bat Mitzvah, אשכנז, Ashkenaz, לימוד תורה",18,179,35.8%
54,כי תבוא,Deuteronomy,parasha,453,שלישי,3,"קריאה בתורה, טעמי המקרא, טעמים, Torah Reading","דברים, כי תבוא, Deuteronomy, Devarim, Ki Tavo","שלישי, Shlishi","בר מצווה, Bar Mitzvah, בת מצווה, Bat Mitzvah, אשכנז, Ashkenaz, לימוד תורה","קריאה בתורה, טעמי המקרא, טעמים, Torah Reading, דברים, כי תבוא, Deuteronomy, Devarim, Ki Tavo, שלישי, Shlishi, בר מצווה, Bar Mitzvah, בת מצווה, Bat Mitzvah, אשכנז, Ashkenaz, לימוד תורה",18,183,36.6%
54,כי תבוא,Deuteronomy,parasha,454,רביעי,4,"קריאה בתורה, טעמי המקרא, טעמים, Torah Reading","דברים, כי תבוא, Deuteronomy, Devarim, Ki Tavo","רביעי, Reviei","בר מצווה, Bar Mitzvah, בת מצווה, Bat Mitzvah, אשכנז, Ashkenaz, לימוד תורה","קריאה בתורה, טעמי המקרא, טעמים, Torah Reading, דברים, כי תבוא, Deuteronomy, Devarim, Ki Tavo, רביעי, Reviei, בר מצווה, Bar Mitzvah, בת מצווה, Bat Mitzvah, אשכנז, Ashkenaz, לימוד תורה",18,182,36.4%
54,כי תבוא,Deuteronomy,parasha,455,חמישי,5,"קריאה בתורה, טעמי המקרא, טעמים, Torah Reading","דברים, כי תבוא, Deuteronomy, Devarim, Ki Tavo","חמישי, Chamishi","בר מצווה, Bar Mitzvah, בת מצווה, Bat Mitzvah, אשכנז, Ashkenaz, לימוד תורה","קריאה בתורה, טעמי המקרא, טעמים, Torah Reading, דברים, כי תבוא, Deuteronomy, Devarim, Ki Tavo, חמישי, Chamishi, בר מצווה, Bar Mitzvah, בת מצווה, Bat Mitzvah, אשכנז, Ashkenaz, לימוד תורה",18,184,36.8%
54,כי תבוא,Deuteronomy,parasha,456,שישי,6,"קריאה בתורה, טעמי המקרא, טעמים, Torah Reading","דברים, כי תבוא, Deuteronomy, Devarim, Ki Tavo","שישי, Shishi","בר מצווה, Bar Mitzvah, בת מצווה, Bat Mitzvah, אשכנז, Ashkenaz, לימוד תורה","קריאה בתורה, טעמי המקרא, טעמים, Torah Reading, דברים, כי תבוא, Deuteronomy, Devarim, Ki Tavo, שישי, Shishi, בר מצווה, Bar Mitzvah, בת מצווה, Bat Mitzvah, אשכנז, Ashkenaz, לימוד תורה",18,181,36.2%
54,כי תבוא,Deuteronomy,parasha,457,שביעי,7,"קריאה בתורה, טעמי המקרא, טעמים, Torah Reading","דברים, כי תבוא, Deuteronomy, Devarim, Ki Tavo","שביעי, Shevii","בר מצווה, Bar Mitzvah, בת מצווה, Bat Mitzvah, אשכנז, Ashkenaz, לימוד תורה","קריאה בתורה, טעמי המקרא, טעמים, Torah Reading, דברים, כי תבוא, Deuteronomy, Devarim, Ki Tavo, שביעי, Shevii, בר מצווה, Bar Mitzvah, בת מצווה, Bat Mitzvah, אשכנז, Ashkenaz, לימוד תורה",18,182,36.4%
54,כי תבוא,Deuteronomy,parasha,458,מפטיר,8,"קריאה בתורה, טעמי המקרא, טעמים, Torah Reading","דברים, כי תבוא, Deuteronomy, Devarim, Ki Tavo","מפטיר, Maftir","בר מצווה, Bar Mitzvah, בת מצווה, Bat Mitzvah, אשכנז, Ashkenaz, לימוד תורה","קריאה בתורה, טעמי המקרא, טעמים, Torah Reading, דברים, כי תבוא, Deuteronomy, Devarim, Ki Tavo, מפטיר, Maftir, בר מצווה, Bar Mitzvah, בת מצווה, Bat Mitzvah, אשכנז, Ashkenaz, לימוד תורה",18,182,36.4%
54,כי תבוא,Deuteronomy,parasha,459,הפטרה,9,"קריאה בתורה, טעמי המקרא, טעמים, Torah Reading","דברים, כי תבוא, Deuteronomy, Devarim, Ki Tavo","הפטרה, Haftara","בר מצווה, Bar Mitzvah, בת מצווה, Bat Mitzvah, אשכנז, Ashkenaz, לימוד תורה","קריאה בתורה, טעמי המקרא, טעמים, Torah Reading, דברים, כי תבוא, Deuteronomy, Devarim, Ki Tavo, הפטרה, Haftara, בר מצווה, Bar Mitzvah, בת מצווה, Bat Mitzvah, אשכנז, Ashkenaz, לימוד תורה",18,183,36.6%
55,נצבים,Deuteronomy,parasha,460,ראשון,1,"קריאה בתורה, טעמי המקרא, טעמים, Torah Reading","דברים, נצבים, Deuteronomy, Devarim, Nitzavim","ראשון, Rishon","בר מצווה, Bar Mitzvah, בת מצווה, Bat Mitzvah, אשכנז, Ashkenaz, לימוד תורה","קריאה בתורה, טעמי המקרא, טעמים, Torah Reading, דברים, נצבים, Deuteronomy, Devarim, Nitzavim, ראשון, Rishon, בר מצווה, Bar Mitzvah, בת מצווה, Bat Mitzvah, אשכנז, Ashkenaz, לימוד תורה",18,181,36.2%
55,נצבים,Deuteronomy,parasha,461,שני,2,"קריאה בתורה, טעמי המקרא, טעמים, Torah Reading","דברים, נצבים, Deuteronomy, Devarim, Nitzavim","שני, Sheni","בר מצווה, Bar Mitzvah, בת מצווה, Bat Mitzvah, אשכנז, Ashkenaz, לימוד תורה","קריאה בתורה, טעמי המקרא, טעמים, Torah Reading, דברים, נצבים, Deuteronomy, Devarim, Nitzavim, שני, Sheni, בר מצווה, Bar Mitzvah, בת מצווה, Bat Mitzvah, אשכנז, Ashkenaz, לימוד תורה",18,178,35.6%
55,נצבים,Deuteronomy,parasha,462,שלישי,3,"קריאה בתורה, טעמי המקרא, טעמים, Torah Reading","דברים, נצבים, Deuteronomy, Devarim, Nitzavim","שלישי, Shlishi","בר מצווה, Bar Mitzvah, בת מצווה, Bat Mitzvah, אשכנז, Ashkenaz, לימוד תורה","קריאה בתורה, טעמי המקרא, טעמים, Torah Reading, דברים, נצבים, Deuteronomy, Devarim, Nitzavim, שלישי, Shlishi, בר מצווה, Bar Mitzvah, בת מצווה, Bat Mitzvah, אשכנז, Ashkenaz, לימוד תורה",18,182,36.4%
55,נצבים,Deuteronomy,parasha,463,רביעי,4,"קריאה בתורה, טעמי המקרא, טעמים, Torah Reading","דברים, נצבים, Deuteronomy, Devarim, Nitzavim","רביעי, Reviei","בר מצווה, Bar Mitzvah, בת מצווה, Bat Mitzvah, אשכנז, Ashkenaz, לימוד תורה","קריאה בתורה, טעמי המקרא, טעמים, Torah Reading, דברים, נצבים, Deuteronomy, Devarim, Nitzavim, רביעי, Reviei, בר מצווה, Bar Mitzvah, בת מצווה, Bat Mitzvah, אשכנז, Ashkenaz, לימוד תורה",18,181,36.2%
55,נצבים,Deuteronomy,parasha,464,חמישי,5,"קריאה בתורה, טעמי המקרא, טעמים, Torah Reading","דברים, נצבים, Deuteronomy, Devarim, Nitzavim","חמישי, Chamishi","בר מצווה, Bar Mitzvah, בת מצווה, Bat Mitzvah, אשכנז, Ashkenaz, לימוד תורה","קריאה בתורה, טעמי המקרא, טעמים, Torah Reading, דברים, נצבים, Deuteronomy, Devarim, Nitzavim, חמישי, Chamishi, בר מצווה, Bar Mitzvah, בת מצווה, Bat Mitzvah, אשכנז, Ashkenaz, לימוד תורה",18,183,36.6%
55,נצבים,Deuteronomy,parasha,465,שישי,6,"קריאה בתורה, טעמי המקרא, טעמים, Torah Reading","דברים, נצבים, Deuteronomy, Devarim, Nitzavim","שישי, Shishi","בר מצווה, Bar Mitzvah, בת מצווה, Bat Mitzvah, אשכנז, Ashkenaz, לימוד תורה","קריאה בתורה, טעמי המקרא, טעמים, Torah Reading, דברים, נצבים, Deuteronomy, Devarim, Nitzavim, שישי, Shishi, בר מצווה, Bar Mitzvah, בת מצווה, Bat Mitzvah, אשכנז, Ashkenaz, לימוד תורה",18,180,36.0%
55,נצבים,Deuteronomy,parasha,466,שביעי,7,"קריאה בתורה, טעמי המקרא, טעמים, Torah Reading","דברים, נצבים, Deuteronomy, Devarim, Nitzavim","שביעי, Shevii","בר מצווה, Bar Mitzvah, בת מצווה, Bat Mitzvah, אשכנז, Ashkenaz, לימוד תורה","קריאה בתורה, טעמי המקרא, טעמים, Torah Reading, דברים, נצבים, Deuteronomy, Devarim, Nitzavim, שביעי, Shevii, בר מצווה, Bar Mitzvah, בת מצווה, Bat Mitzvah, אשכנז, Ashkenaz, לימוד תורה",18,181,36.2%
55,נצבים,Deuteronomy,parasha,467,מפטיר,8,"קריאה בתורה, טעמי המקרא, טעמים, Torah Reading","דברים, נצבים, Deuteronomy, Devarim, Nitzavim","מפטיר, Maftir","בר מצווה, Bar Mitzvah, בת מצווה, Bat Mitzvah, אשכנז, Ashkenaz, לימוד תורה","קריאה בתורה, טעמי המקרא, טעמים, Torah Reading, דברים, נצבים, Deuteronomy, Devarim, Nitzavim, מפטיר, Maftir, בר מצווה, Bar Mitzvah, בת מצווה, Bat Mitzvah, אשכנז, Ashkenaz, לימוד תורה",18,181,36.2%
55,נצבים,Deuteronomy,parasha,468,הפטרה,9,"קריאה בתורה, טעמי המקרא, טעמים, Torah Reading","דברים, נצבים, Deuteronomy, Devarim, Nitzavim","הפטרה, Haftara","בר מצווה, Bar Mitzvah, בת מצווה, Bat Mitzvah, אשכנז, Ashkenaz, לימוד תורה","קריאה בתורה, טעמי המקרא, טעמים, Torah Reading, דברים, נצבים, Deuteronomy, Devarim, Nitzavim, הפטרה, Haftara, בר מצווה, Bar Mitzvah, בת מצווה, Bat Mitzvah, אשכנז, Ashkenaz, לימוד תורה",18,182,36.4%
56,וילך,Deuteronomy,parasha,469,ראשון,1,"קריאה בתורה, טעמי המקרא, טעמים, Torah Reading","דברים, וילך, Deuteronomy, Devarim, Vayelech","ראשון, Rishon","בר מצווה, Bar Mitzvah, בת מצווה, Bat Mitzvah, אשכנז, Ashkenaz, לימוד תורה","קריאה בתורה, טעמי המקרא, טעמים, Torah Reading, דברים, וילך, Deuteronomy, Devarim, Vayelech, ראשון, Rishon, בר מצווה, Bar Mitzvah, בת מצווה, Bat Mitzvah, אשכנז, Ashkenaz, לימוד תורה",18,180,36.0%
56,וילך,Deuteronomy,parasha,470,שני,2,"קריאה בתורה, טעמי המקרא, טעמים, Torah Reading","דברים, וילך, Deuteronomy, Devarim, Vayelech","שני, Sheni","בר מצווה, Bar Mitzvah, בת מצווה, Bat Mitzvah, אשכנז, Ashkenaz, לימוד תורה","קריאה בתורה, טעמי המקרא, טעמים, Torah Reading, דברים, וילך, Deuteronomy, Devarim, Vayelech, שני, Sheni, בר מצווה, Bar Mitzvah, בת מצווה, Bat Mitzvah, אשכנז, Ashkenaz, לימוד תורה",18,177,35.4%
56,וילך,Deuteronomy,parasha,471,שלישי,3,"קריאה בתורה, טעמי המקרא, טעמים, Torah Reading","דברים, וילך, Deuteronomy, Devarim, Vayelech","שלישי, Shlishi","בר מצווה, Bar Mitzvah, בת מצווה, Bat Mitzvah, אשכנז, Ashkenaz, לימוד תורה","קריאה בתורה, טעמי המקרא, טעמים, Torah Reading, דברים, וילך, Deuteronomy, Devarim, Vayelech, שלישי, Shlishi, בר מצווה, Bar Mitzvah, בת מצווה, Bat Mitzvah, אשכנז, Ashkenaz, לימוד תורה",18,181,36.2%
56,וילך,Deuteronomy,parasha,472,רביעי,4,"קריאה בתורה, טעמי המקרא, טעמים, Torah Reading","דברים, וילך, Deuteronomy, Devarim, Vayelech","רביעי, Reviei","בר מצווה, Bar Mitzvah, בת מצווה, Bat Mitzvah, אשכנז, Ashkenaz, לימוד תורה","קריאה בתורה, טעמי המקרא, טעמים, Torah Reading, דברים, וילך, Deuteronomy, Devarim, Vayelech, רביעי, Reviei, בר מצווה, Bar Mitzvah, בת מצווה, Bat Mitzvah, אשכנז, Ashkenaz, לימוד תורה",18,180,36.0%
56,וילך,Deuteronomy,parasha,473,חמישי,5,"קריאה בתורה, טעמי המקרא, טעמים, Torah Reading","דברים, וילך, Deuteronomy, Devarim, Vayelech","חמישי, Chamishi","בר מצווה, Bar Mitzvah, בת מצווה, Bat Mitzvah, אשכנז, Ashkenaz, לימוד תורה","קריאה בתורה, טעמי המקרא, טעמים, Torah Reading, דברים, וילך, Deuteronomy, Devarim, Vayelech, חמישי, Chamishi, בר מצווה, Bar Mitzvah, בת מצווה, Bat Mitzvah, אשכנז, Ashkenaz, לימוד תורה",18,182,36.4%
56,וילך,Deuteronomy,parasha,474,שישי,6,"קריאה בתורה, טעמי המקרא, טעמים, Torah Reading","דברים, וילך, Deuteronomy, Devarim, Vayelech","שישי, Shishi","בר מצווה, Bar Mitzvah, בת מצווה, Bat Mitzvah, אשכנז, Ashkenaz, לימוד תורה","קריאה בתורה, טעמי המקרא, טעמים, Torah Reading, דברים, וילך, Deuteronomy, Devarim, Vayelech, שישי, Shishi, בר מצווה, Bar Mitzvah, בת מצווה, Bat Mitzvah, אשכנז, Ashkenaz, לימוד תורה",18,179,35.8%
56,וילך,Deuteronomy,parasha,475,שביעי,7,"קריאה בתורה, טעמי המקרא, טעמים, Torah Reading","דברים, וילך, Deuteronomy, Devarim, Vayelech","שביעי, Shevii","בר מצווה, Bar Mitzvah, בת מצווה, Bat Mitzvah, אשכנז, Ashkenaz, לימוד תורה","קריאה בתורה, טעמי המקרא, טעמים, Torah Reading, דברים, וילך, Deuteronomy, Devarim, Vayelech, שביעי, Shevii, בר מצווה, Bar Mitzvah, בת מצווה, Bat Mitzvah, אשכנז, Ashkenaz, לימוד תורה",18,180,36.0%
56,וילך,Deuteronomy,parasha,476,מפטיר,8,"קריאה בתורה, טעמי המקרא, טעמים, Torah Reading","דברים, וילך, Deuteronomy, Devarim, Vayelech","מפטיר, Maftir","בר מצווה, Bar Mitzvah, בת מצווה, Bat Mitzvah, אשכנז, Ashkenaz, לימוד תורה","קריאה בתורה, טעמי המקרא, טעמים, Torah Reading, דברים, וילך, Deuteronomy, Devarim, Vayelech, מפטיר, Maftir, בר מצווה, Bar Mitzvah, בת מצווה, Bat Mitzvah, אשכנז, Ashkenaz, לימוד תורה",18,180,36.0%
56,וילך,Deuteronomy,parasha,477,הפטרה,9,"קריאה בתורה, טעמי המקרא, טעמים, Torah Reading","דברים, וילך, Deuteronomy, Devarim, Vayelech","הפטרה, Haftara","בר מצווה, Bar Mitzvah, בת מצווה, Bat Mitzvah, אשכנז, Ashkenaz, לימוד תורה","קריאה בתורה, טעמי המקרא, טעמים, Torah Reading, דברים, וילך, Deuteronomy, Devarim, Vayelech, הפטרה, Haftara, בר מצווה, Bar Mitzvah, בת מצווה, Bat Mitzvah, אשכנז, Ashkenaz, לימוד תורה",18,181,36.2%
57,וזאת הברכה,Deuteronomy,parasha,478,ראשון,1,"קריאה בתורה, טעמי המקרא, טעמים, Torah Reading","דברים, וזאת הברכה, Deuteronomy, Devarim, Vezot Haberakhah","ראשון, Rishon","בר מצווה, Bar Mitzvah, בת מצווה, Bat Mitzvah, אשכנז, Ashkenaz, לימוד תורה","קריאה בתורה, טעמי המקרא, טעמים, Torah Reading, דברים, וזאת הברכה, Deuteronomy, Devarim, Vezot Haberakhah, ראשון, Rishon, בר מצווה, Bar Mitzvah, בת מצווה, Bat Mitzvah, אשכנז, Ashkenaz, לימוד תורה",18,194,38.8%
57,וזאת הברכה,Deuteronomy,parasha,479,שני,2,"קריאה בתורה, טעמי המקרא, טעמים, Torah Reading","דברים, וזאת הברכה, Deuteronomy, Devarim, Vezot Haberakhah","שני, Sheni","בר מצווה, Bar Mitzvah, בת מצווה, Bat Mitzvah, אשכנז, Ashkenaz, לימוד תורה","קריאה בתורה, טעמי המקרא, טעמים, Torah Reading, דברים, וזאת הברכה, Deuteronomy, Devarim, Vezot Haberakhah, שני, Sheni, בר מצווה, Bar Mitzvah, בת מצווה, Bat Mitzvah, אשכנז, Ashkenaz, לימוד תורה",18,191,38.2%
57,וזאת הברכה,Deuteronomy,parasha,480,שלישי,3,"קריאה בתורה, טעמי המקרא, טעמים, Torah Reading","דברים, וזאת הברכה, Deuteronomy, Devarim, Vezot Haberakhah","שלישי, Shlishi","בר מצווה, Bar Mitzvah, בת מצווה, Bat Mitzvah, אשכנז, Ashkenaz, לימוד תורה","קריאה בתורה, טעמי המקרא, טעמים, Torah Reading, דברים, וזאת הברכה, Deuteronomy, Devarim, Vezot Haberakhah, שלישי, Shlishi, בר מצווה, Bar Mitzvah, בת מצווה, Bat Mitzvah, אשכנז, Ashkenaz, לימוד תורה",18,195,39.0%
57,וזאת הברכה,Deuteronomy,parasha,481,רביעי,4,"קריאה בתורה, טעמי המקרא, טעמים, Torah Reading","דברים, וזאת הברכה, Deuteronomy, Devarim, Vezot Haberakhah","רביעי, Reviei","בר מצווה, Bar Mitzvah, בת מצווה, Bat Mitzvah, אשכנז, Ashkenaz, לימוד תורה","קריאה בתורה, טעמי המקרא, טעמים, Torah Reading, דברים, וזאת הברכה, Deuteronomy, Devarim, Vezot Haberakhah, רביעי, Reviei, בר מצווה, Bar Mitzvah, בת מצווה, Bat Mitzvah, אשכנז, Ashkenaz, לימוד תורה",18,194,38.8%
57,וזאת הברכה,Deuteronomy,parasha,482,חמישי,5,"קריאה בתורה, טעמי המקרא, טעמים, Torah Reading","דברים, וזאת הברכה, Deuteronomy, Devarim, Vezot Haberakhah","חמישי, Chamishi","בר מצווה, Bar Mitzvah, בת מצווה, Bat Mitzvah, אשכנז, Ashkenaz, לימוד תורה","קריאה בתורה, טעמי המקרא, טעמים, Torah Reading, דברים, וזאת הברכה, Deuteronomy, Devarim, Vezot Haberakhah, חמישי, Chamishi, בר מצווה, Bar Mitzvah, בת מצווה, Bat Mitzvah, אשכנז, Ashkenaz, לימוד תורה",18,196,39.2%
57,וזאת הברכה,Deuteronomy,parasha,483,שישי,6,"קריאה בתורה, טעמי המקרא, טעמים, Torah Reading","דברים, וזאת הברכה, Deuteronomy, Devarim, Vezot Haberakhah","שישי, Shishi","בר מצווה, Bar Mitzvah, בת מצווה, Bat Mitzvah, אשכנז, Ashkenaz, לימוד תורה","קריאה בתורה, טעמי המקרא, טעמים, Torah Reading, דברים, וזאת הברכה, Deuteronomy, Devarim, Vezot Haberakhah, שישי, Shishi, בר מצווה, Bar Mitzvah, בת מצווה, Bat Mitzvah, אשכנז, Ashkenaz, לימוד תורה",18,193,38.6%
57,וזאת הברכה,Deuteronomy,parasha,484,שביעי,7,"קריאה בתורה, טעמי המקרא, טעמים, Torah Reading","דברים, וזאת הברכה, Deuteronomy, Devarim, Vezot Haberakhah","שביעי, Shevii","בר מצווה, Bar Mitzvah, בת מצווה, Bat Mitzvah, אשכנז, Ashkenaz, לימוד תורה","קריאה בתורה, טעמי המקרא, טעמים, Torah Reading, דברים, וזאת הברכה, Deuteronomy, Devarim, Vezot Haberakhah, שביעי, Shevii, בר מצווה, Bar Mitzvah, בת מצווה, Bat Mitzvah, אשכנז, Ashkenaz, לימוד תורה",18,194,38.8%
57,וזאת הברכה,Deuteronomy,parasha,485,מפטיר,8,"קריאה בתורה, טעמי המקרא, טעמים, Torah Reading","דברים, וזאת הברכה, Deuteronomy, Devarim, Vezot Haberakhah","מפטיר, Maftir","בר מצווה, Bar Mitzvah, בת מצווה, Bat Mitzvah, אשכנז, Ashkenaz, לימוד תורה","קריאה בתורה, טעמי המקרא, טעמים, Torah Reading, דברים, וזאת הברכה, Deuteronomy, Devarim, Vezot Haberakhah, מפטיר, Maftir, בר מצווה, Bar Mitzvah, בת מצווה, Bat Mitzvah, אשכנז, Ashkenaz, לימוד תורה",18,194,38.8%
57,וזאת הברכה,Deuteronomy,parasha,486,הפטרה,9,"קריאה בתורה, טעמי המקרא, טעמים, Torah Reading","דברים, וזאת הברכה, Deuteronomy, Devarim, Vezot Haberakhah","הפטרה, Haftara","בר מצווה, Bar Mitzvah, בת מצווה, Bat Mitzvah, אשכנז, Ashkenaz, לימוד תורה","קריאה בתורה, טעמי המקרא, טעמים, Torah Reading, דברים, וזאת הברכה, Deuteronomy, Devarim, Vezot Haberakhah, הפטרה, Haftara, בר מצווה, Bar Mitzvah, בת מצווה, Bat Mitzvah, אשכנז, Ashkenaz, לימוד תורה",18,195,39.0%
58,שיר השירים,Song of Songs,megillah,487,פרק א,1,"מגילה, תורה, טעמים, Torah Reading","שיר השירים, Song of Songs, Shir Hashirim, Pesach, Passover","פרק א, Chapter 1","בר מצווה, Bar Mitzvah, בת מצווה, Bat Mitzvah, אשכנז, Ashkenaz, לימוד תורה","מגילה, תורה, טעמים, Torah Reading, שיר השירים, Song of Songs, Shir Hashirim, Pesach, Passover, פרק א, Chapter 1, בר מצווה, Bar Mitzvah, בת מצווה, Bat Mitzvah, אשכנז, Ashkenaz, לימוד תורה",18,186,37.2%
58,שיר השירים,Song of Songs,megillah,488,פרק ב,2,"מגילה, תורה, טעמים, Torah Reading","שיר השירים, Song of Songs, Shir Hashirim, Pesach, Passover","פרק ב, Chapter 2","בר מצווה, Bar Mitzvah, בת מצווה, Bat Mitzvah, אשכנז, Ashkenaz, לימוד תורה","מגילה, תורה, טעמים, Torah Reading, שיר השירים, Song of Songs, Shir Hashirim, Pesach, Passover, פרק ב, Chapter 2, בר מצווה, Bar Mitzvah, בת מצווה, Bat Mitzvah, אשכנז, Ashkenaz, לימוד תורה",18,186,37.2%
58,שיר השירים,Song of Songs,megillah,489,פרק ג,3,"מגילה, תורה, טעמים, Torah Reading","שיר השירים, Song of Songs, Shir Hashirim, Pesach, Passover","פרק ג, Chapter 3","בר מצווה, Bar Mitzvah, בת מצווה, Bat Mitzvah, אשכנז, Ashkenaz, לימוד תורה","מגילה, תורה, טעמים, Torah Reading, שיר השירים, Song of Songs, Shir Hashirim, Pesach, Passover, פרק ג, Chapter 3, בר מצווה, Bar Mitzvah, בת מצווה, Bat Mitzvah, אשכנז, Ashkenaz, לימוד תורה",18,186,37.2%
58,שיר השירים,Song of Songs,megillah,490,פרק ד,4,"מגילה, תורה, טעמים, Torah Reading","שיר השירים, Song of Songs, Shir Hashirim, Pesach, Passover","פרק ד, Chapter 4","בר מצווה, Bar Mitzvah, בת מצווה, Bat Mitzvah, אשכנז, Ashkenaz, לימוד תורה","מגילה, תורה, טעמים, Torah Reading, שיר השירים, Song of Songs, Shir Hashirim, Pesach, Passover, פרק ד, Chapter 4, בר מצווה, Bar Mitzvah, בת מצווה, Bat Mitzvah, אשכנז, Ashkenaz, לימוד תורה",18,186,37.2%
58,שיר השירים,Song of Songs,megillah,491,פרק ה,5,"מגילה, תורה, טעמים, Torah Reading","שיר השירים, Song of Songs, Shir Hashirim, Pesach, Passover","פרק ה, Chapter 5","בר מצווה, Bar Mitzvah, בת מצווה, Bat Mitzvah, אשכנז, Ashkenaz, לימוד תורה","מגילה, תורה, טעמים, Torah Reading, שיר השירים, Song of Songs, Shir Hashirim, Pesach, Passover, פרק ה, Chapter 5, בר מצווה, Bar Mitzvah, בת מצווה, Bat Mitzvah, אשכנז, Ashkenaz, לימוד תורה",18,186,37.2%
58,שיר השירים,Song of Songs,megillah,492,פרק ו,6,"מגילה, תורה, טעמים, Torah Reading","שיר השירים, Song of Songs, Shir Hashirim, Pesach, Passover","פרק ו, Chapter 6","בר מצווה, Bar Mitzvah, בת מצווה, Bat Mitzvah, אשכנז, Ashkenaz, לימוד תורה","מגילה, תורה, טעמים, Torah Reading, שיר השירים, Song of Songs, Shir Hashirim, Pesach, Passover, פרק ו, Chapter 6, בר מצווה, Bar Mitzvah, בת מצווה, Bat Mitzvah, אשכנז, Ashkenaz, לימוד תורה",18,186,37.2%
58,שיר השירים,Song of Songs,megillah,493,פרק ז,7,"מגילה, תורה, טעמים, Torah Reading","שיר השירים, Song of Songs, Shir Hashirim, Pesach, Passover","פרק ז, Chapter 7","בר מצווה, Bar Mitzvah, בת מצווה, Bat Mitzvah, אשכנז, Ashkenaz, לימוד תורה","מגילה, תורה, טעמים, Torah Reading, שיר השירים, Song of Songs, Shir Hashirim, Pesach, Passover, פרק ז, Chapter 7, בר מצווה, Bar Mitzvah, בת מצווה, Bat Mitzvah, אשכנז, Ashkenaz, לימוד תורה",18,186,37.2%
58,שיר השירים,Song of Songs,megillah,494,פרק ח,8,"מגילה, תורה, טעמים, Torah Reading","שיר השירים, Song of Songs, Shir Hashirim, Pesach, Passover","פרק ח, Chapter 8","בר מצווה, Bar Mitzvah, בת מצווה, Bat Mitzvah, אשכנז, Ashkenaz, לימוד תורה","מגילה, תורה, טעמים, Torah Reading, שיר השירים, Song of Songs, Shir Hashirim, Pesach, Passover, פרק ח, Chapter 8, בר מצווה, Bar Mitzvah, בת מצווה, Bat Mitzvah, אשכנז, Ashkenaz, לימוד תורה",18,186,37.2%
